config,trial,map_type,b,N,m,d,limit,limit_over_mean,covered_states,coverage_fraction,stored_chains,truncated_chains,truncation_fraction,distinct_endpoints,mean_stored_transitions,theory_truncation_fraction
dp-d4-l16,0,des,16,65536,1024,4,16,1.000,3847,0.058700561523,677,347,0.338867187500,448,7.177253,0.356074130452
dp-d4-l16,0,random,16,65536,1024,4,16,1.000,3847,0.058700561523,688,336,0.328125000000,460,6.975291,0.356074130452
dp-d4-l32,0,des,16,65536,1024,4,32,2.000,6115,0.093307495117,881,143,0.139648437500,470,10.911464,0.126788786377
dp-d4-l32,0,random,16,65536,1024,4,32,2.000,6569,0.100234985352,922,102,0.099609375000,496,11.049892,0.126788786377
dp-d4-l64,0,des,16,65536,1024,4,64,4.000,7645,0.116653442383,1019,5,0.004882812500,471,15.431796,0.016075396351
dp-d4-l64,0,random,16,65536,1024,4,64,4.000,7789,0.118850708008,1020,4,0.003906250000,497,14.125490,0.016075396351
dp-d6-l64,0,des,16,65536,1024,6,64,1.000,6178,0.094268798828,679,345,0.336914062500,146,27.821797,0.364986524244
dp-d6-l64,0,random,16,65536,1024,6,64,1.000,5950,0.090789794922,633,391,0.381835937500,142,28.116904,0.364986524244
dp-d6-l128,0,des,16,65536,1024,6,128,2.000,9170,0.139923095703,939,85,0.083007812500,146,44.706070,0.133215162880
dp-d6-l128,0,random,16,65536,1024,6,128,2.000,9101,0.138870239258,923,101,0.098632812500,142,47.937161,0.133215162880
dp-d6-l256,0,des,16,65536,1024,6,256,4.000,10045,0.153274536133,1021,3,0.002929687500,146,53.270323,0.017746279621
dp-d6-l256,0,random,16,65536,1024,6,256,4.000,9573,0.146072387695,963,61,0.059570312500,142,52.859813,0.017746279621
dp-d8-l256,0,des,16,65536,1024,8,256,1.000,7401,0.112930297852,711,313,0.305664062500,43,109.042194,0.367159754892
dp-d8-l256,0,random,16,65536,1024,8,256,1.000,8453,0.128982543945,820,204,0.199218750000,37,129.863415,0.367159754892
dp-d8-l512,0,des,16,65536,1024,8,512,2.000,7613,0.116165161133,731,293,0.286132812500,43,113.812585,0.134806285612
dp-d8-l512,0,random,16,65536,1024,8,512,2.000,9824,0.149902343750,933,91,0.088867187500,37,152.108253,0.134806285612
dp-d8-l1024,0,des,16,65536,1024,8,1024,4.000,7613,0.116165161133,731,293,0.286132812500,43,113.812585,0.018172734641
dp-d8-l1024,0,random,16,65536,1024,8,1024,4.000,9824,0.149902343750,933,91,0.088867187500,37,152.108253,0.018172734641
dp-d4-l16,1,des,16,65536,1024,4,16,1.000,3424,0.052246093750,653,371,0.362304687500,431,6.781011,0.356074130452
dp-d4-l16,1,random,16,65536,1024,4,16,1.000,3720,0.056762695312,653,371,0.362304687500,443,7.012251,0.356074130452
dp-d4-l32,1,des,16,65536,1024,4,32,2.000,5999,0.091537475586,877,147,0.143554687500,451,10.989738,0.126788786377
dp-d4-l32,1,random,16,65536,1024,4,32,2.000,6189,0.094436645508,872,152,0.148437500000,463,11.155963,0.126788786377
dp-d4-l64,1,des,16,65536,1024,4,64,4.000,7630,0.116424560547,1011,13,0.012695312500,453,15.244313,0.016075396351
dp-d4-l64,1,random,16,65536,1024,4,64,4.000,7649,0.116714477539,1004,20,0.019531250000,463,15.340637,0.016075396351
dp-d6-l64,1,des,16,65536,1024,6,64,1.000,5984,0.091308593750,652,372,0.363281250000,136,28.567485,0.364986524244
dp-d6-l64,1,random,16,65536,1024,6,64,1.000,6890,0.105133056641,727,297,0.290039062500,149,28.440165,0.364986524244
dp-d6-l128,1,des,16,65536,1024,6,128,2.000,9073,0.138442993164,940,84,0.082031250000,136,46.922340,0.133215162880
dp-d6-l128,1,random,16,65536,1024,6,128,2.000,8402,0.128204345703,856,168,0.164062500000,149,36.186916,0.133215162880
dp-d6-l256,1,des,16,65536,1024,6,256,4.000,9978,0.152252197266,1018,6,0.005859375000,136,54.963654,0.017746279621
dp-d6-l256,1,random,16,65536,1024,6,256,4.000,8697,0.132705688477,880,144,0.140625000000,149,39.681818,0.017746279621
dp-d8-l256,1,des,16,65536,1024,8,256,1.000,7108,0.108459472656,694,330,0.322265625000,30,107.125360,0.367159754892
dp-d8-l256,1,random,16,65536,1024,8,256,1.000,5312,0.081054687500,507,517,0.504882812500,37,68.810651,0.367159754892
dp-d8-l512,1,des,16,65536,1024,8,512,2.000,7357,0.112258911133,720,304,0.296875000000,30,113.451389,0.134806285612
dp-d8-l512,1,random,16,65536,1024,8,512,2.000,5312,0.081054687500,507,517,0.504882812500,37,68.810651,0.134806285612
dp-d8-l1024,1,des,16,65536,1024,8,1024,4.000,7357,0.112258911133,720,304,0.296875000000,30,113.451389,0.018172734641
dp-d8-l1024,1,random,16,65536,1024,8,1024,4.000,5312,0.081054687500,507,517,0.504882812500,37,68.810651,0.018172734641
dp-d4-l16,2,des,16,65536,1024,4,16,1.000,3893,0.059402465820,674,350,0.341796875000,443,7.326409,0.356074130452
dp-d4-l16,2,random,16,65536,1024,4,16,1.000,3963,0.060470581055,683,341,0.333007812500,448,7.415813,0.356074130452
dp-d4-l32,2,des,16,65536,1024,4,32,2.000,6365,0.097122192383,893,131,0.127929687500,462,11.262038,0.126788786377
dp-d4-l32,2,random,16,65536,1024,4,32,2.000,6531,0.099655151367,913,111,0.108398437500,472,11.363636,0.126788786377
dp-d4-l64,2,des,16,65536,1024,4,64,4.000,7721,0.117813110352,1014,10,0.009765625000,464,15.039448,0.016075396351
dp-d4-l64,2,random,16,65536,1024,4,64,4.000,7728,0.117919921875,1005,19,0.018554687500,473,14.511443,0.016075396351
dp-d6-l64,2,des,16,65536,1024,6,64,1.000,6202,0.094635009766,662,362,0.353515625000,139,28.516616,0.364986524244
dp-d6-l64,2,random,16,65536,1024,6,64,1.000,5846,0.089202880859,622,402,0.392578125000,141,27.347267,0.364986524244
dp-d6-l128,2,des,16,65536,1024,6,128,2.000,9186,0.140167236328,928,96,0.093750000000,139,45.741379,0.133215162880
dp-d6-l128,2,random,16,65536,1024,6,128,2.000,8563,0.130661010742,869,155,0.151367187500,141,44.570771,0.133215162880
dp-d6-l256,2,des,16,65536,1024,6,256,4.000,10129,0.154556274414,1020,4,0.003906250000,139,55.157843,0.017746279621
dp-d6-l256,2,random,16,65536,1024,6,256,4.000,9973,0.152175903320,986,38,0.037109375000,141,61.766734,0.017746279621
dp-d8-l256,2,des,16,65536,1024,8,256,1.000,7280,0.111083984375,707,317,0.309570312500,33,107.185290,0.367159754892
dp-d8-l256,2,random,16,65536,1024,8,256,1.000,7311,0.111557006836,690,334,0.326171875000,44,110.276812,0.367159754892
dp-d8-l512,2,des,16,65536,1024,8,512,2.000,7510,0.114593505859,724,300,0.292968750000,33,111.334254,0.134806285612
dp-d8-l512,2,random,16,65536,1024,8,512,2.000,10000,0.152587890625,935,89,0.086914062500,44,176.961497,0.134806285612
dp-d8-l1024,2,des,16,65536,1024,8,1024,4.000,7510,0.114593505859,724,300,0.292968750000,33,111.334254,0.018172734641
dp-d8-l1024,2,random,16,65536,1024,8,1024,4.000,10000,0.152587890625,935,89,0.086914062500,44,176.961497,0.018172734641
dp-d4-l16,3,des,16,65536,1024,4,16,1.000,3683,0.056198120117,670,354,0.345703125000,452,7.083582,0.356074130452
dp-d4-l16,3,random,16,65536,1024,4,16,1.000,3534,0.053924560547,615,409,0.399414062500,416,7.271545,0.356074130452
dp-d4-l32,3,des,16,65536,1024,4,32,2.000,6246,0.095306396484,893,131,0.127929687500,476,11.145577,0.126788786377
dp-d4-l32,3,random,16,65536,1024,4,32,2.000,6112,0.093261718750,866,158,0.154296875000,448,11.824480,0.126788786377
dp-d4-l64,3,des,16,65536,1024,4,64,4.000,7731,0.117965698242,1018,6,0.005859375000,476,14.989194,0.016075396351
dp-d4-l64,3,random,16,65536,1024,4,64,4.000,7559,0.115341186523,996,28,0.027343750000,449,15.850402,0.016075396351
dp-d6-l64,3,des,16,65536,1024,6,64,1.000,6327,0.096542358398,677,347,0.338867187500,146,28.205318,0.364986524244
dp-d6-l64,3,random,16,65536,1024,6,64,1.000,5514,0.084136962891,595,429,0.418945312500,127,28.181513,0.364986524244
dp-d6-l128,3,des,16,65536,1024,6,128,2.000,9271,0.141464233398,931,93,0.090820312500,146,44.961332,0.133215162880
dp-d6-l128,3,random,16,65536,1024,6,128,2.000,8377,0.127822875977,867,157,0.153320312500,127,48.202999,0.133215162880
dp-d6-l256,3,des,16,65536,1024,6,256,4.000,10238,0.156219482422,1018,6,0.005859375000,146,54.150295,0.017746279621
dp-d6-l256,3,random,16,65536,1024,6,256,4.000,9817,0.149795532227,1000,24,0.023437500000,127,63.451000,0.017746279621
dp-d8-l256,3,des,16,65536,1024,8,256,1.000,7473,0.114028930664,717,307,0.299804687500,43,111.794979,0.367159754892
dp-d8-l256,3,random,16,65536,1024,8,256,1.000,8267,0.126144409180,808,216,0.210937500000,27,106.284653,0.367159754892
dp-d8-l512,3,des,16,65536,1024,8,512,2.000,7664,0.116943359375,727,297,0.290039062500,43,114.147180,0.134806285612
dp-d8-l512,3,random,16,65536,1024,8,512,2.000,8303,0.126693725586,811,213,0.208007812500,27,106.859433,0.134806285612
dp-d8-l1024,3,des,16,65536,1024,8,1024,4.000,7664,0.116943359375,727,297,0.290039062500,43,114.147180,0.018172734641
dp-d8-l1024,3,random,16,65536,1024,8,1024,4.000,8303,0.126693725586,811,213,0.208007812500,27,106.859433,0.018172734641
dp-d4-l16,4,des,16,65536,1024,4,16,1.000,3917,0.059768676758,693,331,0.323242187500,458,7.180375,0.356074130452
dp-d4-l16,4,random,16,65536,1024,4,16,1.000,3802,0.058013916016,673,351,0.342773437500,447,7.190193,0.356074130452
dp-d4-l32,4,des,16,65536,1024,4,32,2.000,6182,0.094329833984,899,125,0.122070312500,483,10.794216,0.126788786377
dp-d4-l32,4,random,16,65536,1024,4,32,2.000,6490,0.099029541016,901,123,0.120117187500,472,11.439512,0.126788786377
dp-d4-l64,4,des,16,65536,1024,4,64,4.000,7523,0.114791870117,1015,9,0.008789062500,484,14.401970,0.016075396351
dp-d4-l64,4,random,16,65536,1024,4,64,4.000,7773,0.118606567383,1007,17,0.016601562500,473,14.766634,0.016075396351
dp-d6-l64,4,des,16,65536,1024,6,64,1.000,6234,0.095123291016,675,349,0.340820312500,138,28.708148,0.364986524244
dp-d6-l64,4,random,16,65536,1024,6,64,1.000,6834,0.104278564453,725,299,0.291992187500,156,28.171034,0.364986524244
dp-d6-l128,4,des,16,65536,1024,6,128,2.000,9145,0.139541625977,942,82,0.080078125000,138,46.225053,0.133215162880
dp-d6-l128,4,random,16,65536,1024,6,128,2.000,9348,0.142639160156,956,68,0.066406250000,156,43.348326,0.133215162880
dp-d6-l256,4,des,16,65536,1024,6,256,4.000,10102,0.154144287109,1023,1,0.000976562500,138,54.560117,0.017746279621
dp-d6-l256,4,random,16,65536,1024,6,256,4.000,10116,0.154357910156,1024,0,0.000000000000,156,50.587891,0.017746279621
dp-d8-l256,4,des,16,65536,1024,8,256,1.000,7513,0.114639282227,733,291,0.284179687500,32,108.750341,0.367159754892
dp-d8-l256,4,random,16,65536,1024,8,256,1.000,5439,0.082992553711,514,510,0.498046875000,46,76.830739,0.367159754892
dp-d8-l512,4,des,16,65536,1024,8,512,2.000,7748,0.118225097656,755,269,0.262695312500,32,113.686093,0.134806285612
dp-d8-l512,4,random,16,65536,1024,8,512,2.000,5439,0.082992553711,514,510,0.498046875000,46,76.830739,0.134806285612
dp-d8-l1024,4,des,16,65536,1024,8,1024,4.000,7748,0.118225097656,755,269,0.262695312500,32,113.686093,0.018172734641
dp-d8-l1024,4,random,16,65536,1024,8,1024,4.000,5439,0.082992553711,514,510,0.498046875000,46,76.830739,0.018172734641
dp-d4-l16,5,des,16,65536,1024,4,16,1.000,3819,0.058273315430,671,353,0.344726562500,442,7.211624,0.356074130452
dp-d4-l16,5,random,16,65536,1024,4,16,1.000,3753,0.057266235352,645,379,0.370117187500,433,7.234109,0.356074130452
dp-d4-l32,5,des,16,65536,1024,4,32,2.000,6268,0.095642089844,887,137,0.133789062500,467,10.918828,0.126788786377
dp-d4-l32,5,random,16,65536,1024,4,32,2.000,6422,0.097991943359,900,124,0.121093750000,454,11.643333,0.126788786377
dp-d4-l64,5,des,16,65536,1024,4,64,4.000,7783,0.118759155273,1016,8,0.007812500000,467,15.056102,0.016075396351
dp-d4-l64,5,random,16,65536,1024,4,64,4.000,7830,0.119476318359,1013,11,0.010742187500,456,15.216190,0.016075396351
dp-d6-l64,5,des,16,65536,1024,6,64,1.000,5947,0.090744018555,648,376,0.367187500000,145,28.222222,0.364986524244
dp-d6-l64,5,random,16,65536,1024,6,64,1.000,7014,0.107025146484,752,272,0.265625000000,152,26.687500,0.364986524244
dp-d6-l128,5,des,16,65536,1024,6,128,2.000,9161,0.139785766602,939,85,0.083007812500,145,47.316294,0.133215162880
dp-d6-l128,5,random,16,65536,1024,6,128,2.000,9113,0.139053344727,933,91,0.088867187500,152,39.329046,0.133215162880
dp-d6-l256,5,des,16,65536,1024,6,256,4.000,10078,0.153778076172,1022,2,0.001953125000,145,55.799413,0.017746279621
dp-d6-l256,5,random,16,65536,1024,6,256,4.000,9986,0.152374267578,1016,8,0.007812500000,152,49.546260,0.017746279621
dp-d8-l256,5,des,16,65536,1024,8,256,1.000,7239,0.110458374023,707,317,0.309570312500,39,109.953324,0.367159754892
dp-d8-l256,5,random,16,65536,1024,8,256,1.000,4251,0.064865112305,436,588,0.574218750000,48,65.651376,0.367159754892
dp-d8-l512,5,des,16,65536,1024,8,512,2.000,7466,0.113922119141,728,296,0.289062500000,39,114.978022,0.134806285612
dp-d8-l512,5,random,16,65536,1024,8,512,2.000,4251,0.064865112305,436,588,0.574218750000,48,65.651376,0.134806285612
dp-d8-l1024,5,des,16,65536,1024,8,1024,4.000,7466,0.113922119141,728,296,0.289062500000,39,114.978022,0.018172734641
dp-d8-l1024,5,random,16,65536,1024,8,1024,4.000,4251,0.064865112305,436,588,0.574218750000,48,65.651376,0.018172734641
dp-d4-l16,6,des,16,65536,1024,4,16,1.000,3753,0.057266235352,657,367,0.358398437500,454,7.158295,0.356074130452
dp-d4-l16,6,random,16,65536,1024,4,16,1.000,3855,0.058822631836,677,347,0.338867187500,453,7.156573,0.356074130452
dp-d4-l32,6,des,16,65536,1024,4,32,2.000,6264,0.095581054688,878,146,0.142578125000,476,11.215262,0.126788786377
dp-d4-l32,6,random,16,65536,1024,4,32,2.000,6396,0.097595214844,907,117,0.114257812500,479,11.328556,0.126788786377
dp-d4-l64,6,des,16,65536,1024,4,64,4.000,7709,0.117630004883,1007,17,0.016601562500,476,15.448858,0.016075396351
dp-d4-l64,6,random,16,65536,1024,4,64,4.000,7599,0.115951538086,1009,15,0.014648437500,480,14.382557,0.016075396351
dp-d6-l64,6,des,16,65536,1024,6,64,1.000,6152,0.093872070312,652,372,0.363281250000,138,27.552147,0.364986524244
dp-d6-l64,6,random,16,65536,1024,6,64,1.000,6036,0.092102050781,662,362,0.353515625000,147,28.161631,0.364986524244
dp-d6-l128,6,des,16,65536,1024,6,128,2.000,9305,0.141983032227,929,95,0.092773437500,138,46.103337,0.133215162880
dp-d6-l128,6,random,16,65536,1024,6,128,2.000,8596,0.131164550781,879,145,0.141601562500,147,43.151308,0.133215162880
dp-d6-l256,6,des,16,65536,1024,6,256,4.000,10349,0.157913208008,1022,2,0.001953125000,138,55.721135,0.017746279621
dp-d6-l256,6,random,16,65536,1024,6,256,4.000,9183,0.140121459961,927,97,0.094726562500,147,49.152104,0.017746279621
dp-d8-l256,6,des,16,65536,1024,8,256,1.000,7478,0.114105224609,706,318,0.310546875000,36,111.501416,0.367159754892
dp-d8-l256,6,random,16,65536,1024,8,256,1.000,5712,0.087158203125,563,461,0.450195312500,34,116.399645,0.367159754892
dp-d8-l512,6,des,16,65536,1024,8,512,2.000,7699,0.117477416992,725,299,0.291992187500,36,115.948966,0.134806285612
dp-d8-l512,6,random,16,65536,1024,8,512,2.000,7669,0.117019653320,737,287,0.280273437500,34,175.033921,0.134806285612
dp-d8-l1024,6,des,16,65536,1024,8,1024,4.000,7699,0.117477416992,725,299,0.291992187500,36,115.948966,0.018172734641
dp-d8-l1024,6,random,16,65536,1024,8,1024,4.000,7669,0.117019653320,737,287,0.280273437500,34,175.033921,0.018172734641
dp-d4-l16,7,des,16,65536,1024,4,16,1.000,3808,0.058105468750,672,352,0.343750000000,463,7.095238,0.356074130452
dp-d4-l16,7,random,16,65536,1024,4,16,1.000,3678,0.056121826172,662,362,0.353515625000,443,7.015106,0.356074130452
dp-d4-l32,7,des,16,65536,1024,4,32,2.000,6294,0.096038818359,897,127,0.124023437500,486,11.250836,0.126788786377
dp-d4-l32,7,random,16,65536,1024,4,32,2.000,6419,0.097946166992,919,105,0.102539062500,462,11.648531,0.126788786377
dp-d4-l64,7,des,16,65536,1024,4,64,4.000,7606,0.116058349609,1012,12,0.011718750000,487,14.984190,0.016075396351
dp-d4-l64,7,random,16,65536,1024,4,64,4.000,7527,0.114852905273,1019,5,0.004882812500,464,14.675172,0.016075396351
dp-d6-l64,7,des,16,65536,1024,6,64,1.000,6567,0.100204467773,692,332,0.324218750000,147,29.511561,0.364986524244
dp-d6-l64,7,random,16,65536,1024,6,64,1.000,5694,0.086883544922,649,375,0.366210937500,144,27.308166,0.364986524244
dp-d6-l128,7,des,16,65536,1024,6,128,2.000,9318,0.142181396484,935,89,0.086914062500,147,44.886631,0.133215162880
dp-d6-l128,7,random,16,65536,1024,6,128,2.000,8041,0.122695922852,857,167,0.163085937500,144,43.109685,0.133215162880
dp-d6-l256,7,des,16,65536,1024,6,256,4.000,10246,0.156341552734,1023,1,0.000976562500,147,53.932551,0.017746279621
dp-d6-l256,7,random,16,65536,1024,6,256,4.000,9223,0.140731811523,968,56,0.054687500000,144,58.541322,0.017746279621
dp-d8-l256,7,des,16,65536,1024,8,256,1.000,7268,0.110900878906,693,331,0.323242187500,35,106.259740,0.367159754892
dp-d8-l256,7,random,16,65536,1024,8,256,1.000,6482,0.098907470703,644,380,0.371093750000,35,137.108696,0.367159754892
dp-d8-l512,7,des,16,65536,1024,8,512,2.000,7478,0.114105224609,714,310,0.302734375000,35,111.261905,0.134806285612
dp-d8-l512,7,random,16,65536,1024,8,512,2.000,10116,0.154357910156,985,39,0.038085937500,35,210.119797,0.134806285612
dp-d8-l1024,7,des,16,65536,1024,8,1024,4.000,7478,0.114105224609,714,310,0.302734375000,35,111.261905,0.018172734641
dp-d8-l1024,7,random,16,65536,1024,8,1024,4.000,10116,0.154357910156,985,39,0.038085937500,35,210.119797,0.018172734641
dp-d4-l16,8,des,16,65536,1024,4,16,1.000,3654,0.055755615234,667,357,0.348632812500,459,6.910045,0.356074130452
dp-d4-l16,8,random,16,65536,1024,4,16,1.000,3786,0.057769775391,672,352,0.343750000000,441,7.156250,0.356074130452
dp-d4-l32,8,des,16,65536,1024,4,32,2.000,6302,0.096160888672,901,123,0.120117187500,481,11.146504,0.126788786377
dp-d4-l32,8,random,16,65536,1024,4,32,2.000,6364,0.097106933594,893,131,0.127929687500,466,11.129899,0.126788786377
dp-d4-l64,8,des,16,65536,1024,4,64,4.000,7658,0.116851806641,1008,16,0.015625000000,481,14.695437,0.016075396351
dp-d4-l64,8,random,16,65536,1024,4,64,4.000,7525,0.114822387695,996,28,0.027343750000,467,14.680723,0.016075396351
dp-d6-l64,8,des,16,65536,1024,6,64,1.000,6199,0.094589233398,675,349,0.340820312500,167,26.568889,0.364986524244
dp-d6-l64,8,random,16,65536,1024,6,64,1.000,5628,0.085876464844,639,385,0.375976562500,155,25.532081,0.364986524244
dp-d6-l128,8,des,16,65536,1024,6,128,2.000,9175,0.139999389648,938,86,0.083984375000,167,44.315565,0.133215162880
dp-d6-l128,8,random,16,65536,1024,6,128,2.000,7360,0.112304687500,785,239,0.233398437500,155,37.217834,0.133215162880
dp-d6-l256,8,des,16,65536,1024,6,256,4.000,10120,0.154418945312,1019,5,0.004882812500,167,52.719333,0.017746279621
dp-d6-l256,8,random,16,65536,1024,6,256,4.000,9302,0.141937255859,965,59,0.057617187500,155,63.531606,0.017746279621
dp-d8-l256,8,des,16,65536,1024,8,256,1.000,7323,0.111740112305,701,323,0.315429687500,41,110.281027,0.367159754892
dp-d8-l256,8,random,16,65536,1024,8,256,1.000,4129,0.063003540039,417,607,0.592773437500,38,70.009592,0.367159754892
dp-d8-l512,8,des,16,65536,1024,8,512,2.000,7558,0.115325927734,718,306,0.298828125000,41,114.268802,0.134806285612
dp-d8-l512,8,random,16,65536,1024,8,512,2.000,4129,0.063003540039,417,607,0.592773437500,38,70.009592,0.134806285612
dp-d8-l1024,8,des,16,65536,1024,8,1024,4.000,7558,0.115325927734,718,306,0.298828125000,41,114.268802,0.018172734641
dp-d8-l1024,8,random,16,65536,1024,8,1024,4.000,4129,0.063003540039,417,607,0.592773437500,38,70.009592,0.018172734641
dp-d4-l16,9,des,16,65536,1024,4,16,1.000,3772,0.057556152344,664,360,0.351562500000,439,7.308735,0.356074130452
dp-d4-l16,9,random,16,65536,1024,4,16,1.000,3769,0.057510375977,666,358,0.349609375000,446,7.241742,0.356074130452
dp-d4-l32,9,des,16,65536,1024,4,32,2.000,6365,0.097122192383,903,121,0.118164062500,464,11.390919,0.126788786377
dp-d4-l32,9,random,16,65536,1024,4,32,2.000,6134,0.093597412109,873,151,0.147460937500,470,11.029782,0.126788786377
dp-d4-l64,9,des,16,65536,1024,4,64,4.000,7555,0.115280151367,1016,8,0.007812500000,465,15.007874,0.016075396351
dp-d4-l64,9,random,16,65536,1024,4,64,4.000,7513,0.114639282227,992,32,0.031250000000,470,15.154234,0.016075396351
dp-d6-l64,9,des,16,65536,1024,6,64,1.000,6276,0.095764160156,704,320,0.312500000000,142,29.012784,0.364986524244
dp-d6-l64,9,random,16,65536,1024,6,64,1.000,6090,0.092926025391,648,376,0.367187500000,154,25.496914,0.364986524244
dp-d6-l128,9,des,16,65536,1024,6,128,2.000,9115,0.139083862305,937,87,0.084960937500,142,44.065101,0.133215162880
dp-d6-l128,9,random,16,65536,1024,6,128,2.000,7944,0.121215820312,823,201,0.196289062500,154,39.651276,0.133215162880
dp-d6-l256,9,des,16,65536,1024,6,256,4.000,9963,0.152023315430,1021,3,0.002929687500,142,52.646425,0.017746279621
dp-d6-l256,9,random,16,65536,1024,6,256,4.000,8352,0.127441406250,853,171,0.166992187500,154,43.134818,0.017746279621
dp-d8-l256,9,des,16,65536,1024,8,256,1.000,7011,0.106979370117,696,328,0.320312500000,35,107.880747,0.367159754892
dp-d8-l256,9,random,16,65536,1024,8,256,1.000,5356,0.081726074219,499,525,0.512695312500,32,119.360721,0.367159754892
dp-d8-l512,9,des,16,65536,1024,8,512,2.000,7204,0.109924316406,711,313,0.305664062500,35,111.414909,0.134806285612
dp-d8-l512,9,random,16,65536,1024,8,512,2.000,5646,0.086151123047,531,493,0.481445312500,32,128.318267,0.134806285612
dp-d8-l1024,9,des,16,65536,1024,8,1024,4.000,7204,0.109924316406,711,313,0.305664062500,35,111.414909,0.018172734641
dp-d8-l1024,9,random,16,65536,1024,8,1024,4.000,5646,0.086151123047,531,493,0.481445312500,32,128.318267,0.018172734641
dp-d4-l16,10,des,16,65536,1024,4,16,1.000,3778,0.057647705078,680,344,0.335937500000,452,6.938235,0.356074130452
dp-d4-l16,10,random,16,65536,1024,4,16,1.000,3810,0.058135986328,681,343,0.334960937500,475,6.938326,0.356074130452
dp-d4-l32,10,des,16,65536,1024,4,32,2.000,6394,0.097564697266,903,121,0.118164062500,477,10.871539,0.126788786377
dp-d4-l32,10,random,16,65536,1024,4,32,2.000,6679,0.101913452148,929,95,0.092773437500,503,11.299247,0.126788786377
dp-d4-l64,10,des,16,65536,1024,4,64,4.000,7925,0.120925903320,1017,7,0.006835937500,479,14.435595,0.016075396351
dp-d4-l64,10,random,16,65536,1024,4,64,4.000,7846,0.119720458984,1018,6,0.005859375000,506,13.997053,0.016075396351
dp-d6-l64,10,des,16,65536,1024,6,64,1.000,6508,0.099304199219,691,333,0.325195312500,147,28.528220,0.364986524244
dp-d6-l64,10,random,16,65536,1024,6,64,1.000,7640,0.116577148438,793,231,0.225585937500,167,27.890290,0.364986524244
dp-d6-l128,10,des,16,65536,1024,6,128,2.000,9244,0.141052246094,942,82,0.080078125000,147,44.316348,0.133215162880
dp-d6-l128,10,random,16,65536,1024,6,128,2.000,9918,0.151336669922,981,43,0.041992187500,167,38.180428,0.133215162880
dp-d6-l256,10,des,16,65536,1024,6,256,4.000,10215,0.155868530273,1021,3,0.002929687500,147,52.441724,0.017746279621
dp-d6-l256,10,random,16,65536,1024,6,256,4.000,10350,0.157928466797,1015,9,0.008789062500,167,42.460099,0.017746279621
dp-d8-l256,10,des,16,65536,1024,8,256,1.000,7263,0.110824584961,687,337,0.329101562500,35,102.114993,0.367159754892
dp-d8-l256,10,random,16,65536,1024,8,256,1.000,3430,0.052337646484,312,712,0.695312500000,34,69.766026,0.367159754892
dp-d8-l512,10,des,16,65536,1024,8,512,2.000,7438,0.113494873047,707,317,0.309570312500,35,107.019802,0.134806285612
dp-d8-l512,10,random,16,65536,1024,8,512,2.000,3686,0.056243896484,333,691,0.674804687500,34,84.096096,0.134806285612
dp-d8-l1024,10,des,16,65536,1024,8,1024,4.000,7438,0.113494873047,707,317,0.309570312500,35,107.019802,0.018172734641
dp-d8-l1024,10,random,16,65536,1024,8,1024,4.000,3686,0.056243896484,333,691,0.674804687500,34,84.096096,0.018172734641
dp-d4-l16,11,des,16,65536,1024,4,16,1.000,3901,0.059524536133,680,344,0.335937500000,476,7.001471,0.356074130452
dp-d4-l16,11,random,16,65536,1024,4,16,1.000,3652,0.055725097656,669,355,0.346679687500,439,7.013453,0.356074130452
dp-d4-l32,11,des,16,65536,1024,4,32,2.000,6227,0.095016479492,896,128,0.125000000000,492,10.876116,0.126788786377
dp-d4-l32,11,random,16,65536,1024,4,32,2.000,6120,0.093383789062,884,140,0.136718750000,467,11.013575,0.126788786377
dp-d4-l64,11,des,16,65536,1024,4,64,4.000,7585,0.115737915039,1019,5,0.004882812500,493,14.869480,0.016075396351
dp-d4-l64,11,random,16,65536,1024,4,64,4.000,7589,0.115798950195,1007,17,0.016601562500,468,15.041708,0.016075396351
dp-d6-l64,11,des,16,65536,1024,6,64,1.000,6163,0.094039916992,685,339,0.331054687500,170,26.959124,0.364986524244
dp-d6-l64,11,random,16,65536,1024,6,64,1.000,6157,0.093948364258,680,344,0.335937500000,162,27.257353,0.364986524244
dp-d6-l128,11,des,16,65536,1024,6,128,2.000,9031,0.137802124023,940,84,0.082031250000,170,44.120213,0.133215162880
dp-d6-l128,11,random,16,65536,1024,6,128,2.000,9100,0.138854980469,939,85,0.083007812500,162,45.022364,0.133215162880
dp-d6-l256,11,des,16,65536,1024,6,256,4.000,9974,0.152191162109,1021,3,0.002929687500,170,52.467189,0.017746279621
dp-d6-l256,11,random,16,65536,1024,6,256,4.000,9611,0.146652221680,984,40,0.039062500000,162,50.528455,0.017746279621
dp-d8-l256,11,des,16,65536,1024,8,256,1.000,7343,0.112045288086,718,306,0.298828125000,40,107.608635,0.367159754892
dp-d8-l256,11,random,16,65536,1024,8,256,1.000,4272,0.065185546875,416,608,0.593750000000,40,69.923077,0.367159754892
dp-d8-l512,11,des,16,65536,1024,8,512,2.000,7583,0.115707397461,741,283,0.276367187500,40,112.975709,0.134806285612
dp-d8-l512,11,random,16,65536,1024,8,512,2.000,4272,0.065185546875,416,608,0.593750000000,40,69.923077,0.134806285612
dp-d8-l1024,11,des,16,65536,1024,8,1024,4.000,7583,0.115707397461,741,283,0.276367187500,40,112.975709,0.018172734641
dp-d8-l1024,11,random,16,65536,1024,8,1024,4.000,4272,0.065185546875,416,608,0.593750000000,40,69.923077,0.018172734641
dp-d4-l16,12,des,16,65536,1024,4,16,1.000,3781,0.057693481445,668,356,0.347656250000,455,7.038922,0.356074130452
dp-d4-l16,12,random,16,65536,1024,4,16,1.000,3433,0.052383422852,638,386,0.376953125000,431,6.802508,0.356074130452
dp-d4-l32,12,des,16,65536,1024,4,32,2.000,6469,0.098709106445,906,118,0.115234375000,482,11.290287,0.126788786377
dp-d4-l32,12,random,16,65536,1024,4,32,2.000,6066,0.092559814453,875,149,0.145507812500,458,11.187429,0.126788786377
dp-d4-l64,12,des,16,65536,1024,4,64,4.000,7735,0.118026733398,1012,12,0.011718750000,484,14.515810,0.016075396351
dp-d4-l64,12,random,16,65536,1024,4,64,4.000,7319,0.111679077148,982,42,0.041015625000,459,14.799389,0.016075396351
dp-d6-l64,12,des,16,65536,1024,6,64,1.000,6200,0.094604492188,666,358,0.349609375000,158,26.782282,0.364986524244
dp-d6-l64,12,random,16,65536,1024,6,64,1.000,5390,0.082244873047,596,428,0.417968750000,130,28.098993,0.364986524244
dp-d6-l128,12,des,16,65536,1024,6,128,2.000,9349,0.142654418945,946,78,0.076171875000,158,45.167019,0.133215162880
dp-d6-l128,12,random,16,65536,1024,6,128,2.000,7812,0.119201660156,816,208,0.203125000000,130,45.398284,0.133215162880
dp-d6-l256,12,des,16,65536,1024,6,256,4.000,10213,0.155838012695,1019,5,0.004882812500,158,52.710500,0.017746279621
dp-d6-l256,12,random,16,65536,1024,6,256,4.000,8197,0.125076293945,846,178,0.173828125000,130,48.697400,0.017746279621
dp-d8-l256,12,des,16,65536,1024,8,256,1.000,7322,0.111724853516,699,325,0.317382812500,44,106.796853,0.367159754892
dp-d8-l256,12,random,16,65536,1024,8,256,1.000,6076,0.092712402344,568,456,0.445312500000,26,90.607394,0.367159754892
dp-d8-l512,12,des,16,65536,1024,8,512,2.000,7526,0.114837646484,717,307,0.299804687500,44,111.119944,0.134806285612
dp-d8-l512,12,random,16,65536,1024,8,512,2.000,6076,0.092712402344,568,456,0.445312500000,26,90.607394,0.134806285612
dp-d8-l1024,12,des,16,65536,1024,8,1024,4.000,7526,0.114837646484,717,307,0.299804687500,44,111.119944,0.018172734641
dp-d8-l1024,12,random,16,65536,1024,8,1024,4.000,6076,0.092712402344,568,456,0.445312500000,26,90.607394,0.018172734641
dp-d4-l16,13,des,16,65536,1024,4,16,1.000,3789,0.057815551758,678,346,0.337890625000,446,7.035398,0.356074130452
dp-d4-l16,13,random,16,65536,1024,4,16,1.000,3799,0.057968139648,672,352,0.343750000000,436,7.275298,0.356074130452
dp-d4-l32,13,des,16,65536,1024,4,32,2.000,6417,0.097915649414,918,106,0.103515625000,469,11.252723,0.126788786377
dp-d4-l32,13,random,16,65536,1024,4,32,2.000,6509,0.099319458008,908,116,0.113281250000,463,11.274229,0.126788786377
dp-d4-l64,13,des,16,65536,1024,4,64,4.000,7735,0.118026733398,1018,6,0.005859375000,470,14.423379,0.016075396351
dp-d4-l64,13,random,16,65536,1024,4,64,4.000,7636,0.116516113281,1016,8,0.007812500000,463,14.553150,0.016075396351
dp-d6-l64,13,des,16,65536,1024,6,64,1.000,6343,0.096786499023,712,312,0.304687500000,162,27.316011,0.364986524244
dp-d6-l64,13,random,16,65536,1024,6,64,1.000,5554,0.084747314453,618,406,0.396484375000,152,25.707120,0.364986524244
dp-d6-l128,13,des,16,65536,1024,6,128,2.000,9240,0.140991210938,953,71,0.069335937500,162,42.750262,0.133215162880
dp-d6-l128,13,random,16,65536,1024,6,128,2.000,7119,0.108627319336,747,277,0.270507812500,152,37.184739,0.133215162880
dp-d6-l256,13,des,16,65536,1024,6,256,4.000,10129,0.154556274414,1021,3,0.002929687500,162,50.077375,0.017746279621
dp-d6-l256,13,random,16,65536,1024,6,256,4.000,8485,0.129470825195,869,155,0.151367187500,152,55.294591,0.017746279621
dp-d8-l256,13,des,16,65536,1024,8,256,1.000,7397,0.112869262695,693,331,0.323242187500,37,104.763348,0.367159754892
dp-d8-l256,13,random,16,65536,1024,8,256,1.000,7661,0.116897583008,725,299,0.291992187500,37,115.365517,0.367159754892
dp-d8-l512,13,des,16,65536,1024,8,512,2.000,7645,0.116653442383,720,304,0.296875000000,37,111.127778,0.134806285612
dp-d8-l512,13,random,16,65536,1024,8,512,2.000,10584,0.161499023438,1012,12,0.011718750000,37,174.960474,0.134806285612
dp-d8-l1024,13,des,16,65536,1024,8,1024,4.000,7645,0.116653442383,720,304,0.296875000000,37,111.127778,0.018172734641
dp-d8-l1024,13,random,16,65536,1024,8,1024,4.000,10584,0.161499023438,1012,12,0.011718750000,37,174.960474,0.018172734641
dp-d4-l16,14,des,16,65536,1024,4,16,1.000,3950,0.060272216797,689,335,0.327148437500,451,7.256894,0.356074130452
dp-d4-l16,14,random,16,65536,1024,4,16,1.000,3805,0.058059692383,674,350,0.341796875000,448,7.139466,0.356074130452
dp-d4-l32,14,des,16,65536,1024,4,32,2.000,6569,0.100234985352,912,112,0.109375000000,471,11.153509,0.126788786377
dp-d4-l32,14,random,16,65536,1024,4,32,2.000,6395,0.097579956055,908,116,0.113281250000,472,11.374449,0.126788786377
dp-d4-l64,14,des,16,65536,1024,4,64,4.000,7818,0.119293212891,1011,13,0.012695312500,472,14.312562,0.016075396351
dp-d4-l64,14,random,16,65536,1024,4,64,4.000,7644,0.116638183594,1014,10,0.009765625000,474,14.693294,0.016075396351
dp-d6-l64,14,des,16,65536,1024,6,64,1.000,6169,0.094131469727,666,358,0.349609375000,151,27.803303,0.364986524244
dp-d6-l64,14,random,16,65536,1024,6,64,1.000,5954,0.090850830078,652,372,0.363281250000,153,26.861963,0.364986524244
dp-d6-l128,14,des,16,65536,1024,6,128,2.000,9138,0.139434814453,920,104,0.101562500000,151,44.964130,0.133215162880
dp-d6-l128,14,random,16,65536,1024,6,128,2.000,9078,0.138519287109,940,84,0.082031250000,153,46.724468,0.133215162880
dp-d6-l256,14,des,16,65536,1024,6,256,4.000,10174,0.155242919922,1020,4,0.003906250000,151,55.140196,0.017746279621
dp-d6-l256,14,random,16,65536,1024,6,256,4.000,9883,0.150802612305,1020,4,0.003906250000,153,56.196078,0.017746279621
dp-d8-l256,14,des,16,65536,1024,8,256,1.000,7337,0.111953735352,695,329,0.321289062500,40,108.033094,0.367159754892
dp-d8-l256,14,random,16,65536,1024,8,256,1.000,7970,0.121612548828,781,243,0.237304687500,34,132.768246,0.367159754892
dp-d8-l512,14,des,16,65536,1024,8,512,2.000,7509,0.114578247070,711,313,0.305664062500,40,111.696203,0.134806285612
dp-d8-l512,14,random,16,65536,1024,8,512,2.000,9666,0.147491455078,933,91,0.088867187500,34,159.944266,0.134806285612
dp-d8-l1024,14,des,16,65536,1024,8,1024,4.000,7509,0.114578247070,711,313,0.305664062500,40,111.696203,0.018172734641
dp-d8-l1024,14,random,16,65536,1024,8,1024,4.000,9666,0.147491455078,933,91,0.088867187500,34,159.944266,0.018172734641
dp-d4-l16,15,des,16,65536,1024,4,16,1.000,3715,0.056686401367,647,377,0.368164062500,433,7.115920,0.356074130452
dp-d4-l16,15,random,16,65536,1024,4,16,1.000,3877,0.059158325195,676,348,0.339843750000,440,7.199704,0.356074130452
dp-d4-l32,15,des,16,65536,1024,4,32,2.000,6421,0.097976684570,893,131,0.127929687500,461,11.499440,0.126788786377
dp-d4-l32,15,random,16,65536,1024,4,32,2.000,6448,0.098388671875,899,125,0.122070312500,473,11.241379,0.126788786377
dp-d4-l64,15,des,16,65536,1024,4,64,4.000,7965,0.121536254883,1017,7,0.006835937500,461,15.357915,0.016075396351
dp-d4-l64,15,random,16,65536,1024,4,64,4.000,7800,0.119018554688,1016,8,0.007812500000,474,14.855315,0.016075396351
dp-d6-l64,15,des,16,65536,1024,6,64,1.000,6397,0.097610473633,672,352,0.343750000000,140,28.813988,0.364986524244
dp-d6-l64,15,random,16,65536,1024,6,64,1.000,5592,0.085327148438,598,426,0.416015625000,145,26.128763,0.364986524244
dp-d6-l128,15,des,16,65536,1024,6,128,2.000,9384,0.143188476562,935,89,0.086914062500,140,46.350802,0.133215162880
dp-d6-l128,15,random,16,65536,1024,6,128,2.000,8658,0.132110595703,867,157,0.153320312500,145,46.445213,0.133215162880
dp-d6-l256,15,des,16,65536,1024,6,256,4.000,10234,0.156158447266,1020,4,0.003906250000,140,55.010784,0.017746279621
dp-d6-l256,15,random,16,65536,1024,6,256,4.000,9573,0.146072387695,962,62,0.060546875000,145,58.119543,0.017746279621
dp-d8-l256,15,des,16,65536,1024,8,256,1.000,7397,0.112869262695,714,310,0.302734375000,31,110.883754,0.367159754892
dp-d8-l256,15,random,16,65536,1024,8,256,1.000,6736,0.102783203125,643,381,0.372070312500,47,97.707621,0.367159754892
dp-d8-l512,15,des,16,65536,1024,8,512,2.000,7557,0.115310668945,725,299,0.291992187500,31,113.413793,0.134806285612
dp-d8-l512,15,random,16,65536,1024,8,512,2.000,6820,0.104064941406,651,373,0.364257812500,47,99.867896,0.134806285612
dp-d8-l1024,15,des,16,65536,1024,8,1024,4.000,7557,0.115310668945,725,299,0.291992187500,31,113.413793,0.018172734641
dp-d8-l1024,15,random,16,65536,1024,8,1024,4.000,6820,0.104064941406,651,373,0.364257812500,47,99.867896,0.018172734641
dp-d4-l16,16,des,16,65536,1024,4,16,1.000,3815,0.058212280273,675,349,0.340820312500,427,7.450370,0.356074130452
dp-d4-l16,16,random,16,65536,1024,4,16,1.000,3794,0.057891845703,665,359,0.350585937500,437,7.203008,0.356074130452
dp-d4-l32,16,des,16,65536,1024,4,32,2.000,6507,0.099288940430,916,108,0.105468750000,454,11.438865,0.126788786377
dp-d4-l32,16,random,16,65536,1024,4,32,2.000,6335,0.096664428711,899,125,0.122070312500,462,11.404894,0.126788786377
dp-d4-l64,16,des,16,65536,1024,4,64,4.000,7732,0.117980957031,1013,11,0.010742187500,455,14.534057,0.016075396351
dp-d4-l64,16,random,16,65536,1024,4,64,4.000,7659,0.116867065430,1007,17,0.016601562500,465,14.823237,0.016075396351
dp-d6-l64,16,des,16,65536,1024,6,64,1.000,6193,0.094497680664,662,362,0.353515625000,137,28.176737,0.364986524244
dp-d6-l64,16,random,16,65536,1024,6,64,1.000,5203,0.079391479492,575,449,0.438476562500,134,27.161739,0.364986524244
dp-d6-l128,16,des,16,65536,1024,6,128,2.000,9192,0.140258789062,924,100,0.097656250000,137,45.098485,0.133215162880
dp-d6-l128,16,random,16,65536,1024,6,128,2.000,7813,0.119216918945,789,235,0.229492187500,134,44.204056,0.133215162880
dp-d6-l256,16,des,16,65536,1024,6,256,4.000,10242,0.156280517578,1022,2,0.001953125000,137,55.131115,0.017746279621
dp-d6-l256,16,random,16,65536,1024,6,256,4.000,9060,0.138244628906,906,118,0.115234375000,134,61.114790,0.017746279621
dp-d8-l256,16,des,16,65536,1024,8,256,1.000,7239,0.110458374023,695,329,0.321289062500,39,109.517986,0.367159754892
dp-d8-l256,16,random,16,65536,1024,8,256,1.000,5517,0.084182739258,528,496,0.484375000000,38,88.573864,0.367159754892
dp-d8-l512,16,des,16,65536,1024,8,512,2.000,7475,0.114059448242,713,311,0.303710937500,39,113.837307,0.134806285612
dp-d8-l512,16,random,16,65536,1024,8,512,2.000,5517,0.084182739258,528,496,0.484375000000,38,88.573864,0.134806285612
dp-d8-l1024,16,des,16,65536,1024,8,1024,4.000,7475,0.114059448242,713,311,0.303710937500,39,113.837307,0.018172734641
dp-d8-l1024,16,random,16,65536,1024,8,1024,4.000,5517,0.084182739258,528,496,0.484375000000,38,88.573864,0.018172734641
dp-d4-l16,17,des,16,65536,1024,4,16,1.000,3798,0.057952880859,671,353,0.344726562500,433,7.256334,0.356074130452
dp-d4-l16,17,random,16,65536,1024,4,16,1.000,3717,0.056716918945,665,359,0.350585937500,448,7.009023,0.356074130452
dp-d4-l32,17,des,16,65536,1024,4,32,2.000,6563,0.100143432617,895,129,0.125976562500,461,11.260335,0.126788786377
dp-d4-l32,17,random,16,65536,1024,4,32,2.000,6273,0.095718383789,898,126,0.123046875000,476,11.183742,0.126788786377
dp-d4-l64,17,des,16,65536,1024,4,64,4.000,8019,0.122360229492,1014,10,0.009765625000,462,15.102564,0.016075396351
dp-d4-l64,17,random,16,65536,1024,4,64,4.000,7625,0.116348266602,1003,21,0.020507812500,476,14.583250,0.016075396351
dp-d6-l64,17,des,16,65536,1024,6,64,1.000,6153,0.093887329102,647,377,0.368164062500,148,27.228748,0.364986524244
dp-d6-l64,17,random,16,65536,1024,6,64,1.000,6366,0.097137451172,679,345,0.336914062500,145,27.899853,0.364986524244
dp-d6-l128,17,des,16,65536,1024,6,128,2.000,9280,0.141601562500,929,95,0.092773437500,148,46.168999,0.133215162880
dp-d6-l128,17,random,16,65536,1024,6,128,2.000,9260,0.141296386719,928,96,0.093750000000,145,44.550647,0.133215162880
dp-d6-l256,17,des,16,65536,1024,6,256,4.000,10308,0.157287597656,1017,7,0.006835937500,148,55.156342,0.017746279621
dp-d6-l256,17,random,16,65536,1024,6,256,4.000,9729,0.148452758789,974,50,0.048828125000,145,49.475359,0.017746279621
dp-d8-l256,17,des,16,65536,1024,8,256,1.000,7496,0.114379882812,731,293,0.286132812500,38,105.891929,0.367159754892
dp-d8-l256,17,random,16,65536,1024,8,256,1.000,7968,0.121582031250,745,279,0.272460937500,33,114.021477,0.367159754892
dp-d8-l512,17,des,16,65536,1024,8,512,2.000,7743,0.118148803711,753,271,0.264648437500,38,110.928287,0.134806285612
dp-d8-l512,17,random,16,65536,1024,8,512,2.000,8223,0.125473022461,774,250,0.244140625000,33,119.804910,0.134806285612
dp-d8-l1024,17,des,16,65536,1024,8,1024,4.000,7743,0.118148803711,753,271,0.264648437500,38,110.928287,0.018172734641
dp-d8-l1024,17,random,16,65536,1024,8,1024,4.000,8223,0.125473022461,774,250,0.244140625000,33,119.804910,0.018172734641
dp-d4-l16,18,des,16,65536,1024,4,16,1.000,3784,0.057739257812,673,351,0.342773437500,422,7.213967,0.356074130452
dp-d4-l16,18,random,16,65536,1024,4,16,1.000,3859,0.058883666992,685,339,0.331054687500,445,7.230657,0.356074130452
dp-d4-l32,18,des,16,65536,1024,4,32,2.000,6241,0.095230102539,892,132,0.128906250000,445,11.280269,0.126788786377
dp-d4-l32,18,random,16,65536,1024,4,32,2.000,6291,0.095993041992,907,117,0.114257812500,474,11.254686,0.126788786377
dp-d4-l64,18,des,16,65536,1024,4,64,4.000,7640,0.116577148438,1009,15,0.014648437500,446,15.142716,0.016075396351
dp-d4-l64,18,random,16,65536,1024,4,64,4.000,7508,0.114562988281,1016,8,0.007812500000,475,14.669291,0.016075396351
dp-d6-l64,18,des,16,65536,1024,6,64,1.000,6458,0.098541259766,695,329,0.321289062500,141,27.555396,0.364986524244
dp-d6-l64,18,random,16,65536,1024,6,64,1.000,5967,0.091049194336,676,348,0.339843750000,152,26.918639,0.364986524244
dp-d6-l128,18,des,16,65536,1024,6,128,2.000,9277,0.141555786133,950,74,0.072265625000,141,44.433684,0.133215162880
dp-d6-l128,18,random,16,65536,1024,6,128,2.000,7862,0.119964599609,842,182,0.177734375000,152,39.914489,0.133215162880
dp-d6-l256,18,des,16,65536,1024,6,256,4.000,10120,0.154418945312,1023,1,0.000976562500,141,52.098729,0.017746279621
dp-d6-l256,18,random,16,65536,1024,6,256,4.000,8751,0.133529663086,916,108,0.105468750000,152,49.820961,0.017746279621
dp-d8-l256,18,des,16,65536,1024,8,256,1.000,7248,0.110595703125,694,330,0.322265625000,29,107.922190,0.367159754892
dp-d8-l256,18,random,16,65536,1024,8,256,1.000,2465,0.037612915039,260,764,0.746093750000,36,44.100000,0.367159754892
dp-d8-l512,18,des,16,65536,1024,8,512,2.000,7469,0.113967895508,713,311,0.303710937500,29,112.513324,0.134806285612
dp-d8-l512,18,random,16,65536,1024,8,512,2.000,2465,0.037612915039,260,764,0.746093750000,36,44.100000,0.134806285612
dp-d8-l1024,18,des,16,65536,1024,8,1024,4.000,7469,0.113967895508,713,311,0.303710937500,29,112.513324,0.018172734641
dp-d8-l1024,18,random,16,65536,1024,8,1024,4.000,2465,0.037612915039,260,764,0.746093750000,36,44.100000,0.018172734641
dp-d4-l16,19,des,16,65536,1024,4,16,1.000,3763,0.057418823242,663,361,0.352539062500,436,7.203620,0.356074130452
dp-d4-l16,19,random,16,65536,1024,4,16,1.000,3359,0.051254272461,626,398,0.388671875000,425,6.742812,0.356074130452
dp-d4-l32,19,des,16,65536,1024,4,32,2.000,6204,0.094665527344,885,139,0.135742187500,454,11.268927,0.126788786377
dp-d4-l32,19,random,16,65536,1024,4,32,2.000,5816,0.088745117188,851,173,0.168945312500,446,11.258519,0.126788786377
dp-d4-l64,19,des,16,65536,1024,4,64,4.000,7728,0.117919921875,1011,13,0.012695312500,458,15.382789,0.016075396351
dp-d4-l64,19,random,16,65536,1024,4,64,4.000,7489,0.114273071289,987,37,0.036132812500,449,15.619048,0.016075396351
dp-d6-l64,19,des,16,65536,1024,6,64,1.000,6120,0.093383789062,676,348,0.339843750000,151,27.007396,0.364986524244
dp-d6-l64,19,random,16,65536,1024,6,64,1.000,4666,0.071197509766,509,515,0.502929687500,127,26.047151,0.364986524244
dp-d6-l128,19,des,16,65536,1024,6,128,2.000,9222,0.140716552734,945,79,0.077148437500,151,44.753439,0.133215162880
dp-d6-l128,19,random,16,65536,1024,6,128,2.000,7131,0.108810424805,759,265,0.258789062500,127,49.043478,0.133215162880
dp-d6-l256,19,des,16,65536,1024,6,256,4.000,10082,0.153839111328,1021,3,0.002929687500,151,52.540646,0.017746279621
dp-d6-l256,19,random,16,65536,1024,6,256,4.000,9352,0.142700195312,977,47,0.045898437500,127,77.495394,0.017746279621
dp-d8-l256,19,des,16,65536,1024,8,256,1.000,7358,0.112274169922,704,320,0.312500000000,35,110.251420,0.367159754892
dp-d8-l256,19,random,16,65536,1024,8,256,1.000,5956,0.090881347656,601,423,0.413085937500,39,131.595674,0.367159754892
dp-d8-l512,19,des,16,65536,1024,8,512,2.000,7541,0.115066528320,718,306,0.298828125000,35,113.593315,0.134806285612
dp-d8-l512,19,random,16,65536,1024,8,512,2.000,5997,0.091506958008,606,418,0.408203125000,39,132.648515,0.134806285612
dp-d8-l1024,19,des,16,65536,1024,8,1024,4.000,7541,0.115066528320,718,306,0.298828125000,35,113.593315,0.018172734641
dp-d8-l1024,19,random,16,65536,1024,8,1024,4.000,5997,0.091506958008,606,418,0.408203125000,39,132.648515,0.018172734641
dp-d4-l16,20,des,16,65536,1024,4,16,1.000,3777,0.057632446289,662,362,0.353515625000,445,7.052870,0.356074130452
dp-d4-l16,20,random,16,65536,1024,4,16,1.000,3913,0.059707641602,663,361,0.352539062500,439,7.250377,0.356074130452
dp-d4-l32,20,des,16,65536,1024,4,32,2.000,6563,0.100143432617,909,115,0.112304687500,469,11.364136,0.126788786377
dp-d4-l32,20,random,16,65536,1024,4,32,2.000,6307,0.096237182617,890,134,0.130859375000,458,11.230337,0.126788786377
dp-d4-l64,20,des,16,65536,1024,4,64,4.000,7875,0.120162963867,1015,9,0.008789062500,470,14.662069,0.016075396351
dp-d4-l64,20,random,16,65536,1024,4,64,4.000,7460,0.113830566406,984,40,0.039062500000,461,14.134146,0.016075396351
dp-d6-l64,20,des,16,65536,1024,6,64,1.000,6425,0.098037719727,676,348,0.339843750000,143,28.539941,0.364986524244
dp-d6-l64,20,random,16,65536,1024,6,64,1.000,6242,0.095245361328,678,346,0.337890625000,146,28.408555,0.364986524244
dp-d6-l128,20,des,16,65536,1024,6,128,2.000,9547,0.145675659180,942,82,0.080078125000,143,45.675159,0.133215162880
dp-d6-l128,20,random,16,65536,1024,6,128,2.000,8758,0.133636474609,908,116,0.113281250000,146,44.834802,0.133215162880
dp-d6-l256,20,des,16,65536,1024,6,256,4.000,10486,0.160003662109,1020,4,0.003906250000,143,53.823529,0.017746279621
dp-d6-l256,20,random,16,65536,1024,6,256,4.000,9697,0.147964477539,994,30,0.029296875000,146,55.001006,0.017746279621
dp-d8-l256,20,des,16,65536,1024,8,256,1.000,7340,0.111999511719,682,342,0.333984375000,37,104.620235,0.367159754892
dp-d8-l256,20,random,16,65536,1024,8,256,1.000,7699,0.117477416992,743,281,0.274414062500,45,98.897712,0.367159754892
dp-d8-l512,20,des,16,65536,1024,8,512,2.000,7612,0.116149902344,701,323,0.315429687500,37,109.370899,0.134806285612
dp-d8-l512,20,random,16,65536,1024,8,512,2.000,10418,0.158966064453,1001,23,0.022460937500,45,169.499500,0.134806285612
dp-d8-l1024,20,des,16,65536,1024,8,1024,4.000,7612,0.116149902344,701,323,0.315429687500,37,109.370899,0.018172734641
dp-d8-l1024,20,random,16,65536,1024,8,1024,4.000,10418,0.158966064453,1001,23,0.022460937500,45,169.499500,0.018172734641
dp-d4-l16,21,des,16,65536,1024,4,16,1.000,3909,0.059646606445,674,350,0.341796875000,444,7.296736,0.356074130452
dp-d4-l16,21,random,16,65536,1024,4,16,1.000,3785,0.057754516602,641,383,0.374023437500,422,7.482059,0.356074130452
dp-d4-l32,21,des,16,65536,1024,4,32,2.000,6450,0.098419189453,906,118,0.115234375000,462,11.488962,0.126788786377
dp-d4-l32,21,random,16,65536,1024,4,32,2.000,6354,0.096954345703,899,125,0.122070312500,449,11.918799,0.126788786377
dp-d4-l64,21,des,16,65536,1024,4,64,4.000,7700,0.117492675781,1016,8,0.007812500000,463,14.937992,0.016075396351
dp-d4-l64,21,random,16,65536,1024,4,64,4.000,7719,0.117782592773,1004,20,0.019531250000,451,15.225100,0.016075396351
dp-d6-l64,21,des,16,65536,1024,6,64,1.000,6558,0.100067138672,699,325,0.317382812500,143,28.934192,0.364986524244
dp-d6-l64,21,random,16,65536,1024,6,64,1.000,5306,0.080963134766,579,445,0.434570312500,138,26.685665,0.364986524244
dp-d6-l128,21,des,16,65536,1024,6,128,2.000,9258,0.141265869141,936,88,0.085937500000,143,44.135684,0.133215162880
dp-d6-l128,21,random,16,65536,1024,6,128,2.000,8169,0.124649047852,844,180,0.175781250000,138,47.740521,0.133215162880
dp-d6-l256,21,des,16,65536,1024,6,256,4.000,10206,0.155731201172,1021,3,0.002929687500,143,52.958864,0.017746279621
dp-d6-l256,21,random,16,65536,1024,6,256,4.000,9931,0.151535034180,1010,14,0.013671875000,138,65.970297,0.017746279621
dp-d8-l256,21,des,16,65536,1024,8,256,1.000,7524,0.114807128906,710,314,0.306640625000,34,106.032394,0.367159754892
dp-d8-l256,21,random,16,65536,1024,8,256,1.000,4733,0.072219848633,442,582,0.568359375000,38,76.938914,0.367159754892
dp-d8-l512,21,des,16,65536,1024,8,512,2.000,7691,0.117355346680,724,300,0.292968750000,34,109.279006,0.134806285612
dp-d8-l512,21,random,16,65536,1024,8,512,2.000,4733,0.072219848633,442,582,0.568359375000,38,76.938914,0.134806285612
dp-d8-l1024,21,des,16,65536,1024,8,1024,4.000,7691,0.117355346680,724,300,0.292968750000,34,109.279006,0.018172734641
dp-d8-l1024,21,random,16,65536,1024,8,1024,4.000,4733,0.072219848633,442,582,0.568359375000,38,76.938914,0.018172734641
dp-d4-l16,22,des,16,65536,1024,4,16,1.000,3872,0.059082031250,676,348,0.339843750000,444,7.130178,0.356074130452
dp-d4-l16,22,random,16,65536,1024,4,16,1.000,3730,0.056915283203,674,350,0.341796875000,433,7.105341,0.356074130452
dp-d4-l32,22,des,16,65536,1024,4,32,2.000,6253,0.095413208008,893,131,0.127929687500,464,10.947368,0.126788786377
dp-d4-l32,22,random,16,65536,1024,4,32,2.000,6663,0.101669311523,924,100,0.097656250000,460,11.606061,0.126788786377
dp-d4-l64,22,des,16,65536,1024,4,64,4.000,7606,0.116058349609,1013,11,0.010742187500,464,14.831194,0.016075396351
dp-d4-l64,22,random,16,65536,1024,4,64,4.000,7842,0.119659423828,1015,9,0.008789062500,461,14.600000,0.016075396351
dp-d6-l64,22,des,16,65536,1024,6,64,1.000,6360,0.097045898438,686,338,0.330078125000,145,28.431487,0.364986524244
dp-d6-l64,22,random,16,65536,1024,6,64,1.000,6095,0.093002319336,656,368,0.359375000000,137,29.544207,0.364986524244
dp-d6-l128,22,des,16,65536,1024,6,128,2.000,9309,0.142044067383,932,92,0.089843750000,145,44.806867,0.133215162880
dp-d6-l128,22,random,16,65536,1024,6,128,2.000,9259,0.141281127930,940,84,0.082031250000,137,47.275532,0.133215162880
dp-d6-l256,22,des,16,65536,1024,6,256,4.000,10213,0.155838012695,1023,1,0.000976562500,145,54.205279,0.017746279621
dp-d6-l256,22,random,16,65536,1024,6,256,4.000,9843,0.150192260742,995,29,0.028320312500,137,53.355779,0.017746279621
dp-d8-l256,22,des,16,65536,1024,8,256,1.000,7163,0.109298706055,680,344,0.335937500000,37,106.822059,0.367159754892
dp-d8-l256,22,random,16,65536,1024,8,256,1.000,7492,0.114318847656,704,320,0.312500000000,30,138.937500,0.367159754892
dp-d8-l512,22,des,16,65536,1024,8,512,2.000,7426,0.113311767578,706,318,0.310546875000,37,113.099150,0.134806285612
dp-d8-l512,22,random,16,65536,1024,8,512,2.000,10519,0.160507202148,994,30,0.029296875000,30,188.497988,0.134806285612
dp-d8-l1024,22,des,16,65536,1024,8,1024,4.000,7426,0.113311767578,706,318,0.310546875000,37,113.099150,0.018172734641
dp-d8-l1024,22,random,16,65536,1024,8,1024,4.000,10519,0.160507202148,994,30,0.029296875000,30,188.497988,0.018172734641
dp-d4-l16,23,des,16,65536,1024,4,16,1.000,3741,0.057083129883,674,350,0.341796875000,446,7.066766,0.356074130452
dp-d4-l16,23,random,16,65536,1024,4,16,1.000,3489,0.053237915039,631,393,0.383789062500,427,6.995246,0.356074130452
dp-d4-l32,23,des,16,65536,1024,4,32,2.000,6263,0.095565795898,897,127,0.124023437500,474,11.025641,0.126788786377
dp-d4-l32,23,random,16,65536,1024,4,32,2.000,6250,0.095367431641,896,128,0.125000000000,457,11.853795,0.126788786377
dp-d4-l64,23,des,16,65536,1024,4,64,4.000,7742,0.118133544922,1014,10,0.009765625000,474,14.634122,0.016075396351
dp-d4-l64,23,random,16,65536,1024,4,64,4.000,7486,0.114227294922,1011,13,0.012695312500,457,15.390702,0.016075396351
dp-d6-l64,23,des,16,65536,1024,6,64,1.000,6126,0.093475341797,670,354,0.345703125000,147,28.026866,0.364986524244
dp-d6-l64,23,random,16,65536,1024,6,64,1.000,5478,0.083587646484,610,414,0.404296875000,149,27.685246,0.364986524244
dp-d6-l128,23,des,16,65536,1024,6,128,2.000,9210,0.140533447266,928,96,0.093750000000,147,44.831897,0.133215162880
dp-d6-l128,23,random,16,65536,1024,6,128,2.000,7012,0.106994628906,752,272,0.265625000000,149,39.327128,0.133215162880
dp-d6-l256,23,des,16,65536,1024,6,256,4.000,10221,0.155960083008,1020,4,0.003906250000,147,54.097059,0.017746279621
dp-d6-l256,23,random,16,65536,1024,6,256,4.000,8332,0.127136230469,881,143,0.139648437500,149,60.933031,0.017746279621
dp-d8-l256,23,des,16,65536,1024,8,256,1.000,7165,0.109329223633,689,335,0.327148437500,43,105.152395,0.367159754892
dp-d8-l256,23,random,16,65536,1024,8,256,1.000,8143,0.124252319336,810,214,0.208984375000,40,115.159259,0.367159754892
dp-d8-l512,23,des,16,65536,1024,8,512,2.000,7448,0.113647460938,715,309,0.301757812500,43,111.400000,0.134806285612
dp-d8-l512,23,random,16,65536,1024,8,512,2.000,9699,0.147994995117,950,74,0.072265625000,40,146.580000,0.134806285612
dp-d8-l1024,23,des,16,65536,1024,8,1024,4.000,7448,0.113647460938,715,309,0.301757812500,43,111.400000,0.018172734641
dp-d8-l1024,23,random,16,65536,1024,8,1024,4.000,9699,0.147994995117,950,74,0.072265625000,40,146.580000,0.018172734641
dp-d4-l16,24,des,16,65536,1024,4,16,1.000,3789,0.057815551758,664,360,0.351562500000,421,7.371988,0.356074130452
dp-d4-l16,24,random,16,65536,1024,4,16,1.000,3917,0.059768676758,678,346,0.337890625000,452,7.328909,0.356074130452
dp-d4-l32,24,des,16,65536,1024,4,32,2.000,6277,0.095779418945,875,149,0.145507812500,445,11.112000,0.126788786377
dp-d4-l32,24,random,16,65536,1024,4,32,2.000,6483,0.098922729492,908,116,0.113281250000,470,11.401982,0.126788786377
dp-d4-l64,24,des,16,65536,1024,4,64,4.000,7876,0.120178222656,1008,16,0.015625000000,447,15.319444,0.016075396351
dp-d4-l64,24,random,16,65536,1024,4,64,4.000,7688,0.117309570312,1010,14,0.013671875000,473,14.517822,0.016075396351
dp-d6-l64,24,des,16,65536,1024,6,64,1.000,6478,0.098846435547,682,342,0.333984375000,137,29.262463,0.364986524244
dp-d6-l64,24,random,16,65536,1024,6,64,1.000,6528,0.099609375000,738,286,0.279296875000,171,26.486450,0.364986524244
dp-d6-l128,24,des,16,65536,1024,6,128,2.000,9335,0.142440795898,942,82,0.080078125000,137,45.930998,0.133215162880
dp-d6-l128,24,random,16,65536,1024,6,128,2.000,9113,0.139053344727,946,78,0.076171875000,171,40.339323,0.133215162880
dp-d6-l256,24,des,16,65536,1024,6,256,4.000,10233,0.156143188477,1017,7,0.006835937500,137,53.647984,0.017746279621
dp-d6-l256,24,random,16,65536,1024,6,256,4.000,9508,0.145080566406,978,46,0.044921875000,171,43.683027,0.017746279621
dp-d8-l256,24,des,16,65536,1024,8,256,1.000,7276,0.111022949219,672,352,0.343750000000,28,108.255952,0.367159754892
dp-d8-l256,24,random,16,65536,1024,8,256,1.000,7255,0.110702514648,712,312,0.304687500000,47,119.369382,0.367159754892
dp-d8-l512,24,des,16,65536,1024,8,512,2.000,7530,0.114898681641,691,333,0.325195312500,28,113.054993,0.134806285612
dp-d8-l512,24,random,16,65536,1024,8,512,2.000,8362,0.127593994141,805,219,0.213867187500,47,139.416149,0.134806285612
dp-d8-l1024,24,des,16,65536,1024,8,1024,4.000,7530,0.114898681641,691,333,0.325195312500,28,113.054993,0.018172734641
dp-d8-l1024,24,random,16,65536,1024,8,1024,4.000,8362,0.127593994141,805,219,0.213867187500,47,139.416149,0.018172734641
dp-d4-l16,25,des,16,65536,1024,4,16,1.000,3808,0.058105468750,699,325,0.317382812500,462,6.861230,0.356074130452
dp-d4-l16,25,random,16,65536,1024,4,16,1.000,3737,0.057022094727,667,357,0.348632812500,446,7.187406,0.356074130452
dp-d4-l32,25,des,16,65536,1024,4,32,2.000,6325,0.096511840820,912,112,0.109375000000,483,10.703947,0.126788786377
dp-d4-l32,25,random,16,65536,1024,4,32,2.000,6315,0.096359252930,910,114,0.111328125000,464,11.439560,0.126788786377
dp-d4-l64,25,des,16,65536,1024,4,64,4.000,7480,0.114135742188,1017,7,0.006835937500,483,14.024582,0.016075396351
dp-d4-l64,25,random,16,65536,1024,4,64,4.000,7675,0.117111206055,1017,7,0.006835937500,466,14.787611,0.016075396351
dp-d6-l64,25,des,16,65536,1024,6,64,1.000,6275,0.095748901367,688,336,0.328125000000,142,27.145349,0.364986524244
dp-d6-l64,25,random,16,65536,1024,6,64,1.000,5935,0.090560913086,674,350,0.341796875000,142,28.296736,0.364986524244
dp-d6-l128,25,des,16,65536,1024,6,128,2.000,9163,0.139816284180,944,80,0.078125000000,142,44.113347,0.133215162880
dp-d6-l128,25,random,16,65536,1024,6,128,2.000,8846,0.134979248047,926,98,0.095703125000,142,45.467603,0.133215162880
dp-d6-l256,25,des,16,65536,1024,6,256,4.000,9977,0.152236938477,1021,3,0.002929687500,142,52.147894,0.017746279621
dp-d6-l256,25,random,16,65536,1024,6,256,4.000,9930,0.151519775391,1024,0,0.000000000000,142,56.178711,0.017746279621
dp-d8-l256,25,des,16,65536,1024,8,256,1.000,7201,0.109878540039,695,329,0.321289062500,32,108.188489,0.367159754892
dp-d8-l256,25,random,16,65536,1024,8,256,1.000,6955,0.106124877930,687,337,0.329101562500,36,98.475983,0.367159754892
dp-d8-l512,25,des,16,65536,1024,8,512,2.000,7467,0.113937377930,721,303,0.295898437500,32,114.384189,0.134806285612
dp-d8-l512,25,random,16,65536,1024,8,512,2.000,9409,0.143569946289,907,117,0.114257812500,36,157.148842,0.134806285612
dp-d8-l1024,25,des,16,65536,1024,8,1024,4.000,7467,0.113937377930,721,303,0.295898437500,32,114.384189,0.018172734641
dp-d8-l1024,25,random,16,65536,1024,8,1024,4.000,9504,0.145019531250,914,110,0.107421875000,36,159.977024,0.018172734641
dp-d4-l16,26,des,16,65536,1024,4,16,1.000,3676,0.056091308594,664,360,0.351562500000,445,7.016566,0.356074130452
dp-d4-l16,26,random,16,65536,1024,4,16,1.000,3951,0.060287475586,696,328,0.320312500000,467,7.051724,0.356074130452
dp-d4-l32,26,des,16,65536,1024,4,32,2.000,6263,0.095565795898,899,125,0.122070312500,477,11.144605,0.126788786377
dp-d4-l32,26,random,16,65536,1024,4,32,2.000,6679,0.101913452148,934,90,0.087890625000,496,11.122056,0.126788786377
dp-d4-l64,26,des,16,65536,1024,4,64,4.000,7434,0.113433837891,1009,15,0.014648437500,477,14.528246,0.016075396351
dp-d4-l64,26,random,16,65536,1024,4,64,4.000,7681,0.117202758789,1017,7,0.006835937500,497,13.668633,0.016075396351
dp-d6-l64,26,des,16,65536,1024,6,64,1.000,6460,0.098571777344,718,306,0.298828125000,165,28.082173,0.364986524244
dp-d6-l64,26,random,16,65536,1024,6,64,1.000,6444,0.098327636719,688,336,0.328125000000,146,29.289244,0.364986524244
dp-d6-l128,26,des,16,65536,1024,6,128,2.000,9018,0.137603759766,947,77,0.075195312500,165,43.068638,0.133215162880
dp-d6-l128,26,random,16,65536,1024,6,128,2.000,8973,0.136917114258,905,119,0.116210937500,146,42.893923,0.133215162880
dp-d6-l256,26,des,16,65536,1024,6,256,4.000,9873,0.150650024414,1021,3,0.002929687500,165,50.682664,0.017746279621
dp-d6-l256,26,random,16,65536,1024,6,256,4.000,9552,0.145751953125,958,66,0.064453125000,146,49.492693,0.017746279621
dp-d8-l256,26,des,16,65536,1024,8,256,1.000,7104,0.108398437500,701,323,0.315429687500,39,107.325250,0.367159754892
dp-d8-l256,26,random,16,65536,1024,8,256,1.000,8016,0.122314453125,763,261,0.254882812500,45,115.117955,0.367159754892
dp-d8-l512,26,des,16,65536,1024,8,512,2.000,7310,0.111541748047,720,304,0.296875000000,39,111.898611,0.134806285612
dp-d8-l512,26,random,16,65536,1024,8,512,2.000,9783,0.149276733398,923,101,0.098632812500,45,146.754063,0.134806285612
dp-d8-l1024,26,des,16,65536,1024,8,1024,4.000,7310,0.111541748047,720,304,0.296875000000,39,111.898611,0.018172734641
dp-d8-l1024,26,random,16,65536,1024,8,1024,4.000,9783,0.149276733398,923,101,0.098632812500,45,146.754063,0.018172734641
dp-d4-l16,27,des,16,65536,1024,4,16,1.000,3865,0.058975219727,646,378,0.369140625000,420,7.651703,0.356074130452
dp-d4-l16,27,random,16,65536,1024,4,16,1.000,3900,0.059509277344,707,317,0.309570312500,457,7.154173,0.356074130452
dp-d4-l32,27,des,16,65536,1024,4,32,2.000,6594,0.100616455078,892,132,0.128906250000,453,11.952915,0.126788786377
dp-d4-l32,27,random,16,65536,1024,4,32,2.000,6325,0.096511840820,928,96,0.093750000000,475,10.920259,0.126788786377
dp-d4-l64,27,des,16,65536,1024,4,64,4.000,8010,0.122222900391,1016,8,0.007812500000,454,15.854331,0.016075396351
dp-d4-l64,27,random,16,65536,1024,4,64,4.000,7454,0.113739013672,1012,12,0.011718750000,475,13.506917,0.016075396351
dp-d6-l64,27,des,16,65536,1024,6,64,1.000,6486,0.098968505859,670,354,0.345703125000,136,28.940299,0.364986524244
dp-d6-l64,27,random,16,65536,1024,6,64,1.000,6142,0.093719482422,679,345,0.336914062500,168,25.652430,0.364986524244
dp-d6-l128,27,des,16,65536,1024,6,128,2.000,9413,0.143630981445,934,90,0.087890625000,136,45.598501,0.133215162880
dp-d6-l128,27,random,16,65536,1024,6,128,2.000,7905,0.120620727539,852,172,0.167968750000,168,38.592723,0.133215162880
dp-d6-l256,27,des,16,65536,1024,6,256,4.000,10256,0.156494140625,1021,3,0.002929687500,136,54.542605,0.017746279621
dp-d6-l256,27,random,16,65536,1024,6,256,4.000,8712,0.132934570312,926,98,0.095703125000,168,48.614471,0.017746279621
dp-d8-l256,27,des,16,65536,1024,8,256,1.000,7285,0.111160278320,710,314,0.306640625000,36,106.838028,0.367159754892
dp-d8-l256,27,random,16,65536,1024,8,256,1.000,3762,0.057403564453,389,635,0.620117187500,42,62.169666,0.367159754892
dp-d8-l512,27,des,16,65536,1024,8,512,2.000,7539,0.115036010742,732,292,0.285156250000,36,112.076503,0.134806285612
dp-d8-l512,27,random,16,65536,1024,8,512,2.000,3762,0.057403564453,389,635,0.620117187500,42,62.169666,0.134806285612
dp-d8-l1024,27,des,16,65536,1024,8,1024,4.000,7539,0.115036010742,732,292,0.285156250000,36,112.076503,0.018172734641
dp-d8-l1024,27,random,16,65536,1024,8,1024,4.000,3762,0.057403564453,389,635,0.620117187500,42,62.169666,0.018172734641
dp-d4-l16,28,des,16,65536,1024,4,16,1.000,3753,0.057266235352,684,340,0.332031250000,458,6.807018,0.356074130452
dp-d4-l16,28,random,16,65536,1024,4,16,1.000,4047,0.061752319336,716,308,0.300781250000,479,7.074022,0.356074130452
dp-d4-l32,28,des,16,65536,1024,4,32,2.000,6089,0.092910766602,900,124,0.121093750000,479,10.616667,0.126788786377
dp-d4-l32,28,random,16,65536,1024,4,32,2.000,6471,0.098739624023,924,100,0.097656250000,507,10.624459,0.126788786377
dp-d4-l64,28,des,16,65536,1024,4,64,4.000,7461,0.113845825195,1015,9,0.008789062500,481,14.281773,0.016075396351
dp-d4-l64,28,random,16,65536,1024,4,64,4.000,7469,0.113967895508,1015,9,0.008789062500,509,13.478818,0.016075396351
dp-d6-l64,28,des,16,65536,1024,6,64,1.000,6220,0.094909667969,688,336,0.328125000000,157,27.764535,0.364986524244
dp-d6-l64,28,random,16,65536,1024,6,64,1.000,5836,0.089050292969,639,385,0.375976562500,157,25.089202,0.364986524244
dp-d6-l128,28,des,16,65536,1024,6,128,2.000,9068,0.138366699219,950,74,0.072265625000,157,45.366316,0.133215162880
dp-d6-l128,28,random,16,65536,1024,6,128,2.000,8534,0.130218505859,890,134,0.130859375000,157,43.940449,0.133215162880
dp-d6-l256,28,des,16,65536,1024,6,256,4.000,9904,0.151123046875,1021,3,0.002929687500,157,52.613124,0.017746279621
dp-d6-l256,28,random,16,65536,1024,6,256,4.000,9864,0.150512695312,1022,2,0.001953125000,157,58.167319,0.017746279621
dp-d8-l256,28,des,16,65536,1024,8,256,1.000,7410,0.113067626953,727,297,0.290039062500,41,104.601100,0.367159754892
dp-d8-l256,28,random,16,65536,1024,8,256,1.000,9587,0.146286010742,927,97,0.094726562500,40,118.371090,0.367159754892
dp-d8-l512,28,des,16,65536,1024,8,512,2.000,7590,0.115814208984,743,281,0.274414062500,41,108.231494,0.134806285612
dp-d8-l512,28,random,16,65536,1024,8,512,2.000,9650,0.147247314453,929,95,0.092773437500,40,118.697524,0.134806285612
dp-d8-l1024,28,des,16,65536,1024,8,1024,4.000,7590,0.115814208984,743,281,0.274414062500,41,108.231494,0.018172734641
dp-d8-l1024,28,random,16,65536,1024,8,1024,4.000,9650,0.147247314453,929,95,0.092773437500,40,118.697524,0.018172734641
dp-d4-l16,29,des,16,65536,1024,4,16,1.000,3867,0.059005737305,682,342,0.333984375000,449,7.243402,0.356074130452
dp-d4-l16,29,random,16,65536,1024,4,16,1.000,3606,0.055023193359,647,377,0.368164062500,425,7.171561,0.356074130452
dp-d4-l32,29,des,16,65536,1024,4,32,2.000,6322,0.096466064453,907,117,0.114257812500,467,11.136714,0.126788786377
dp-d4-l32,29,random,16,65536,1024,4,32,2.000,6239,0.095199584961,889,135,0.131835937500,445,11.404949,0.126788786377
dp-d4-l64,29,des,16,65536,1024,4,64,4.000,7532,0.114929199219,1015,9,0.008789062500,468,14.543842,0.016075396351
dp-d4-l64,29,random,16,65536,1024,4,64,4.000,7675,0.117111206055,1008,16,0.015625000000,445,15.300595,0.016075396351
dp-d6-l64,29,des,16,65536,1024,6,64,1.000,6178,0.094268798828,669,355,0.346679687500,161,27.802691,0.364986524244
dp-d6-l64,29,random,16,65536,1024,6,64,1.000,5419,0.082687377930,580,444,0.433593750000,134,27.481034,0.364986524244
dp-d6-l128,29,des,16,65536,1024,6,128,2.000,8962,0.136749267578,928,96,0.093750000000,161,44.378233,0.133215162880
dp-d6-l128,29,random,16,65536,1024,6,128,2.000,8415,0.128402709961,866,158,0.154296875000,134,48.058891,0.133215162880
dp-d6-l256,29,des,16,65536,1024,6,256,4.000,9949,0.151809692383,1021,3,0.002929687500,161,54.294809,0.017746279621
dp-d6-l256,29,random,16,65536,1024,6,256,4.000,9364,0.142883300781,962,62,0.060546875000,134,59.240125,0.017746279621
dp-d8-l256,29,des,16,65536,1024,8,256,1.000,7186,0.109649658203,685,339,0.331054687500,42,109.023358,0.367159754892
dp-d8-l256,29,random,16,65536,1024,8,256,1.000,3919,0.059799194336,383,641,0.625976562500,39,77.167102,0.367159754892
dp-d8-l512,29,des,16,65536,1024,8,512,2.000,7396,0.112854003906,699,325,0.317382812500,42,112.410587,0.134806285612
dp-d8-l512,29,random,16,65536,1024,8,512,2.000,3952,0.060302734375,384,640,0.625000000000,39,77.687500,0.134806285612
dp-d8-l1024,29,des,16,65536,1024,8,1024,4.000,7396,0.112854003906,699,325,0.317382812500,42,112.410587,0.018172734641
dp-d8-l1024,29,random,16,65536,1024,8,1024,4.000,3952,0.060302734375,384,640,0.625000000000,39,77.687500,0.018172734641
