map_type,trial,d,limit,exact_truncation_fraction,eventual_truncation_floor,reachable_start_fraction,max_finite_hitting_transitions
des,-1,4,16,0.343826293945,0.000305175781,0.999694824219,98
des,-1,4,32,0.123199462891,0.000305175781,0.999694824219,98
des,-1,4,64,0.009475708008,0.000305175781,0.999694824219,98
des,-1,6,64,0.336380004883,0.003143310547,0.996856689453,218
des,-1,6,128,0.084991455078,0.003143310547,0.996856689453,218
des,-1,6,256,0.003143310547,0.003143310547,0.996856689453,218
des,-1,8,256,0.316925048828,0.297149658203,0.702850341797,314
des,-1,8,512,0.297149658203,0.297149658203,0.702850341797,314
des,-1,8,1024,0.297149658203,0.297149658203,0.702850341797,314
random,0,4,16,0.329513549805,0.000015258789,0.999984741211,83
random,0,4,32,0.099075317383,0.000015258789,0.999984741211,83
random,0,4,64,0.005020141602,0.000015258789,0.999984741211,83
random,0,6,64,0.376052856445,0.065887451172,0.934112548828,216
random,0,6,128,0.098144531250,0.065887451172,0.934112548828,216
random,0,6,256,0.065887451172,0.065887451172,0.934112548828,216
random,0,8,256,0.209289550781,0.090820312500,0.909179687500,424
random,0,8,512,0.090820312500,0.090820312500,0.909179687500,424
random,0,8,1024,0.090820312500,0.090820312500,0.909179687500,424
random,1,4,16,0.360107421875,0.001708984375,0.998291015625,96
random,1,4,32,0.138992309570,0.001708984375,0.998291015625,96
random,1,4,64,0.013626098633,0.001708984375,0.998291015625,96
random,1,6,64,0.273788452148,0.124588012695,0.875411987305,195
random,1,6,128,0.146087646484,0.124588012695,0.875411987305,195
random,1,6,256,0.124588012695,0.124588012695,0.875411987305,195
random,1,8,256,0.491790771484,0.491699218750,0.508300781250,260
random,1,8,512,0.491699218750,0.491699218750,0.508300781250,260
random,1,8,1024,0.491699218750,0.491699218750,0.508300781250,260
random,2,4,16,0.336746215820,0.008178710938,0.991821289062,87
random,2,4,32,0.124465942383,0.008178710938,0.991821289062,87
random,2,4,64,0.021255493164,0.008178710938,0.991821289062,87
random,2,6,64,0.393386840820,0.016143798828,0.983856201172,303
random,2,6,128,0.157455444336,0.016143798828,0.983856201172,303
random,2,6,256,0.036437988281,0.016143798828,0.983856201172,303
random,2,8,256,0.317169189453,0.068893432617,0.931106567383,498
random,2,8,512,0.068893432617,0.068893432617,0.931106567383,498
random,2,8,1024,0.068893432617,0.068893432617,0.931106567383,498
random,3,4,16,0.372299194336,0.001571655273,0.998428344727,97
random,3,4,32,0.136215209961,0.001571655273,0.998428344727,97
random,3,4,64,0.020645141602,0.001571655273,0.998428344727,97
random,3,6,64,0.394363403320,0.028549194336,0.971450805664,233
random,3,6,128,0.138687133789,0.028549194336,0.971450805664,233
random,3,6,256,0.028549194336,0.028549194336,0.971450805664,233
random,3,8,256,0.209777832031,0.207199096680,0.792800903320,270
random,3,8,512,0.207199096680,0.207199096680,0.792800903320,270
random,3,8,1024,0.207199096680,0.207199096680,0.792800903320,270
random,4,4,16,0.343597412109,0.000000000000,1.000000000000,115
random,4,4,32,0.118576049805,0.000000000000,1.000000000000,115
random,4,4,64,0.017822265625,0.000000000000,1.000000000000,115
random,4,6,64,0.300582885742,0.000000000000,1.000000000000,196
random,4,6,128,0.059890747070,0.000000000000,1.000000000000,196
random,4,6,256,0.000000000000,0.000000000000,1.000000000000,196
random,4,8,256,0.501327514648,0.500488281250,0.499511718750,269
random,4,8,512,0.500488281250,0.500488281250,0.499511718750,269
random,4,8,1024,0.500488281250,0.500488281250,0.499511718750,269
random,5,4,16,0.347290039062,0.000946044922,0.999053955078,117
random,5,4,32,0.116577148438,0.000946044922,0.999053955078,117
random,5,4,64,0.018768310547,0.000946044922,0.999053955078,117
random,5,6,64,0.266647338867,0.001281738281,0.998718261719,280
random,5,6,128,0.085174560547,0.001281738281,0.998718261719,280
random,5,6,256,0.005752563477,0.001281738281,0.998718261719,280
random,5,8,256,0.582290649414,0.582290649414,0.417709350586,222
random,5,8,512,0.582290649414,0.582290649414,0.417709350586,222
random,5,8,1024,0.582290649414,0.582290649414,0.417709350586,222
random,6,4,16,0.355957031250,0.001647949219,0.998352050781,129
random,6,4,32,0.114288330078,0.001647949219,0.998352050781,129
random,6,4,64,0.017654418945,0.001647949219,0.998352050781,129
random,6,6,64,0.379547119141,0.107650756836,0.892349243164,205
random,6,6,128,0.156692504883,0.107650756836,0.892349243164,205
random,6,6,256,0.107650756836,0.107650756836,0.892349243164,205
random,6,8,256,0.476287841797,0.301208496094,0.698791503906,497
random,6,8,512,0.301208496094,0.301208496094,0.698791503906,497
random,6,8,1024,0.301208496094,0.301208496094,0.698791503906,497
random,7,4,16,0.349822998047,0.004486083984,0.995513916016,72
random,7,4,32,0.099166870117,0.004486083984,0.995513916016,72
random,7,4,64,0.005661010742,0.004486083984,0.995513916016,72
random,7,6,64,0.370193481445,0.029174804688,0.970825195312,347
random,7,6,128,0.144790649414,0.029174804688,0.970825195312,347
random,7,6,256,0.053085327148,0.029174804688,0.970825195312,347
random,7,8,256,0.358078002930,0.037994384766,0.962005615234,513
random,7,8,512,0.038024902344,0.037994384766,0.962005615234,513
random,7,8,1024,0.037994384766,0.037994384766,0.962005615234,513
random,8,4,16,0.356765747070,0.008010864258,0.991989135742,112
random,8,4,32,0.131942749023,0.008010864258,0.991989135742,112
random,8,4,64,0.035339355469,0.008010864258,0.991989135742,112
random,8,6,64,0.396743774414,0.012527465820,0.987472534180,384
random,8,6,128,0.238693237305,0.012527465820,0.987472534180,384
random,8,6,256,0.062500000000,0.012527465820,0.987472534180,384
random,8,8,256,0.610733032227,0.610733032227,0.389266967773,234
random,8,8,512,0.610733032227,0.610733032227,0.389266967773,234
random,8,8,1024,0.610733032227,0.610733032227,0.389266967773,234
random,9,4,16,0.362808227539,0.003250122070,0.996749877930,110
random,9,4,32,0.152282714844,0.003250122070,0.996749877930,110
random,9,4,64,0.035079956055,0.003250122070,0.996749877930,110
random,9,6,64,0.353637695312,0.161132812500,0.838867187500,176
random,9,6,128,0.185394287109,0.161132812500,0.838867187500,176
random,9,6,256,0.161132812500,0.161132812500,0.838867187500,176
random,9,8,256,0.496124267578,0.470169067383,0.529830932617,309
random,9,8,512,0.470169067383,0.470169067383,0.529830932617,309
random,9,8,1024,0.470169067383,0.470169067383,0.529830932617,309
random,10,4,16,0.326843261719,0.005599975586,0.994400024414,93
random,10,4,32,0.098388671875,0.005599975586,0.994400024414,93
random,10,4,64,0.010955810547,0.005599975586,0.994400024414,93
random,10,6,64,0.235977172852,0.008148193359,0.991851806641,234
random,10,6,128,0.045532226562,0.008148193359,0.991851806641,234
random,10,6,256,0.008148193359,0.008148193359,0.991851806641,234
random,10,8,256,0.686782836914,0.664306640625,0.335693359375,335
random,10,8,512,0.664306640625,0.664306640625,0.335693359375,335
random,10,8,1024,0.664306640625,0.664306640625,0.335693359375,335
random,11,4,16,0.359741210938,0.001251220703,0.998748779297,110
random,11,4,32,0.140350341797,0.001251220703,0.998748779297,110
random,11,4,64,0.016326904297,0.001251220703,0.998748779297,110
random,11,6,64,0.353225708008,0.038101196289,0.961898803711,243
random,11,6,128,0.083038330078,0.038101196289,0.961898803711,243
random,11,6,256,0.038101196289,0.038101196289,0.961898803711,243
random,11,8,256,0.579650878906,0.579650878906,0.420349121094,245
random,11,8,512,0.579650878906,0.579650878906,0.420349121094,245
random,11,8,1024,0.579650878906,0.579650878906,0.420349121094,245
random,12,4,16,0.397308349609,0.007736206055,0.992263793945,139
random,12,4,32,0.152023315430,0.007736206055,0.992263793945,139
random,12,4,64,0.036254882812,0.007736206055,0.992263793945,139
random,12,6,64,0.421508789062,0.160614013672,0.839385986328,179
random,12,6,128,0.191390991211,0.160614013672,0.839385986328,179
random,12,6,256,0.160614013672,0.160614013672,0.839385986328,179
random,12,8,256,0.396057128906,0.396057128906,0.603942871094,231
random,12,8,512,0.396057128906,0.396057128906,0.603942871094,231
random,12,8,1024,0.396057128906,0.396057128906,0.603942871094,231
random,13,4,16,0.337890625000,0.004486083984,0.995513916016,78
random,13,4,32,0.100173950195,0.004486083984,0.995513916016,78
random,13,4,64,0.007034301758,0.004486083984,0.995513916016,78
random,13,6,64,0.415832519531,0.006744384766,0.993255615234,401
random,13,6,128,0.265106201172,0.006744384766,0.993255615234,401
random,13,6,256,0.135787963867,0.006744384766,0.993255615234,401
random,13,8,256,0.285751342773,0.010406494141,0.989593505859,434
random,13,8,512,0.010406494141,0.010406494141,0.989593505859,434
random,13,8,1024,0.010406494141,0.010406494141,0.989593505859,434
random,14,4,16,0.342544555664,0.002090454102,0.997909545898,87
random,14,4,32,0.102645874023,0.002090454102,0.997909545898,87
random,14,4,64,0.006439208984,0.002090454102,0.997909545898,87
random,14,6,64,0.345275878906,0.002868652344,0.997131347656,223
random,14,6,128,0.082077026367,0.002868652344,0.997131347656,223
random,14,6,256,0.002868652344,0.002868652344,0.997131347656,223
random,14,8,256,0.222610473633,0.078460693359,0.921539306641,439
random,14,8,512,0.078460693359,0.078460693359,0.921539306641,439
random,14,8,1024,0.078460693359,0.078460693359,0.921539306641,439
random,15,4,16,0.340530395508,0.010131835938,0.989868164062,84
random,15,4,32,0.115264892578,0.010131835938,0.989868164062,84
random,15,4,64,0.012252807617,0.010131835938,0.989868164062,84
random,15,6,64,0.389831542969,0.054000854492,0.945999145508,291
random,15,6,128,0.131622314453,0.054000854492,0.945999145508,291
random,15,6,256,0.058044433594,0.054000854492,0.945999145508,291
random,15,8,256,0.369064331055,0.364257812500,0.635742187500,291
random,15,8,512,0.364257812500,0.364257812500,0.635742187500,291
random,15,8,1024,0.364257812500,0.364257812500,0.635742187500,291
random,16,4,16,0.346771240234,0.000198364258,0.999801635742,102
random,16,4,32,0.118316650391,0.000198364258,0.999801635742,102
random,16,4,64,0.012832641602,0.000198364258,0.999801635742,102
random,16,6,64,0.433776855469,0.109680175781,0.890319824219,277
random,16,6,128,0.206192016602,0.109680175781,0.890319824219,277
random,16,6,256,0.112365722656,0.109680175781,0.890319824219,277
random,16,8,256,0.464630126953,0.464630126953,0.535369873047,245
random,16,8,512,0.464630126953,0.464630126953,0.535369873047,245
random,16,8,1024,0.464630126953,0.464630126953,0.535369873047,245
random,17,4,16,0.351028442383,0.000000000000,1.000000000000,121
random,17,4,32,0.124725341797,0.000000000000,1.000000000000,121
random,17,4,64,0.020004272461,0.000000000000,1.000000000000,121
random,17,6,64,0.311370849609,0.037719726562,0.962280273438,200
random,17,6,128,0.080856323242,0.037719726562,0.962280273438,200
random,17,6,256,0.037719726562,0.037719726562,0.962280273438,200
random,17,8,256,0.264846801758,0.243484497070,0.756515502930,308
random,17,8,512,0.243484497070,0.243484497070,0.756515502930,308
random,17,8,1024,0.243484497070,0.243484497070,0.756515502930,308
random,18,4,16,0.339279174805,0.005752563477,0.994247436523,86
random,18,4,32,0.112808227539,0.005752563477,0.994247436523,86
random,18,4,64,0.011215209961,0.005752563477,0.994247436523,86
random,18,6,64,0.351196289062,0.108337402344,0.891662597656,236
random,18,6,128,0.189758300781,0.108337402344,0.891662597656,236
random,18,6,256,0.108337402344,0.108337402344,0.891662597656,236
random,18,8,256,0.752655029297,0.752655029297,0.247344970703,199
random,18,8,512,0.752655029297,0.752655029297,0.247344970703,199
random,18,8,1024,0.752655029297,0.752655029297,0.247344970703,199
random,19,4,16,0.390792846680,0.003982543945,0.996017456055,129
random,19,4,32,0.164581298828,0.003982543945,0.996017456055,129
random,19,4,64,0.033065795898,0.003982543945,0.996017456055,129
random,19,6,64,0.497970581055,0.005310058594,0.994689941406,355
random,19,6,128,0.261337280273,0.005310058594,0.994689941406,355
random,19,6,256,0.048065185547,0.005310058594,0.994689941406,355
random,19,8,256,0.444503784180,0.439437866211,0.560562133789,276
random,19,8,512,0.439437866211,0.439437866211,0.560562133789,276
random,19,8,1024,0.439437866211,0.439437866211,0.560562133789,276
random,20,4,16,0.351043701172,0.003036499023,0.996963500977,124
random,20,4,32,0.122192382812,0.003036499023,0.996963500977,124
random,20,4,64,0.036666870117,0.003036499023,0.996963500977,124
random,20,6,64,0.349990844727,0.012115478516,0.987884521484,370
random,20,6,128,0.116088867188,0.012115478516,0.987884521484,370
random,20,6,256,0.028167724609,0.012115478516,0.987884521484,370
random,20,8,256,0.253311157227,0.019012451172,0.980987548828,498
random,20,8,512,0.019012451172,0.019012451172,0.980987548828,498
random,20,8,1024,0.019012451172,0.019012451172,0.980987548828,498
random,21,4,16,0.355117797852,0.004180908203,0.995819091797,102
random,21,4,32,0.122299194336,0.004180908203,0.995819091797,102
random,21,4,64,0.026962280273,0.004180908203,0.995819091797,102
random,21,6,64,0.429885864258,0.011856079102,0.988143920898,234
random,21,6,128,0.179992675781,0.011856079102,0.988143920898,234
random,21,6,256,0.011856079102,0.011856079102,0.988143920898,234
random,21,8,256,0.551162719727,0.551162719727,0.448837280273,244
random,21,8,512,0.551162719727,0.551162719727,0.448837280273,244
random,21,8,1024,0.551162719727,0.551162719727,0.448837280273,244
random,22,4,16,0.347229003906,0.000106811523,0.999893188477,77
random,22,4,32,0.111328125000,0.000106811523,0.999893188477,77
random,22,4,64,0.006591796875,0.000106811523,0.999893188477,77
random,22,6,64,0.328277587891,0.027206420898,0.972793579102,248
random,22,6,128,0.076904296875,0.027206420898,0.972793579102,248
random,22,6,256,0.027206420898,0.027206420898,0.972793579102,248
random,22,8,256,0.313079833984,0.028182983398,0.971817016602,434
random,22,8,512,0.028182983398,0.028182983398,0.971817016602,434
random,22,8,1024,0.028182983398,0.028182983398,0.971817016602,434
random,23,4,16,0.370422363281,0.009078979492,0.990921020508,74
random,23,4,32,0.135147094727,0.009078979492,0.990921020508,74
random,23,4,64,0.010421752930,0.009078979492,0.990921020508,74
random,23,6,64,0.400604248047,0.059890747070,0.940109252930,372
random,23,6,128,0.250869750977,0.059890747070,0.940109252930,372
random,23,6,256,0.128067016602,0.059890747070,0.940109252930,372
random,23,8,256,0.221450805664,0.072937011719,0.927062988281,444
random,23,8,512,0.072937011719,0.072937011719,0.927062988281,444
random,23,8,1024,0.072937011719,0.072937011719,0.927062988281,444
random,24,4,16,0.342727661133,0.000030517578,0.999969482422,114
random,24,4,32,0.099945068359,0.000030517578,0.999969482422,114
random,24,4,64,0.013366699219,0.000030517578,0.999969482422,114
random,24,6,64,0.286987304688,0.046432495117,0.953567504883,178
random,24,6,128,0.076248168945,0.046432495117,0.953567504883,178
random,24,6,256,0.046432495117,0.046432495117,0.953567504883,178
random,24,8,256,0.313659667969,0.214965820312,0.785034179688,371
random,24,8,512,0.214965820312,0.214965820312,0.785034179688,371
random,24,8,1024,0.214965820312,0.214965820312,0.785034179688,371
random,25,4,16,0.355941772461,0.000015258789,0.999984741211,82
random,25,4,32,0.120620727539,0.000015258789,0.999984741211,82
random,25,4,64,0.006317138672,0.000015258789,0.999984741211,82
random,25,6,64,0.337890625000,0.000015258789,0.999984741211,230
random,25,6,128,0.090866088867,0.000015258789,0.999984741211,230
random,25,6,256,0.000015258789,0.000015258789,0.999984741211,230
random,25,8,256,0.337158203125,0.106506347656,0.893493652344,544
random,25,8,512,0.110931396484,0.106506347656,0.893493652344,544
random,25,8,1024,0.106506347656,0.106506347656,0.893493652344,544
random,26,4,16,0.334014892578,0.000671386719,0.999328613281,92
random,26,4,32,0.091445922852,0.000671386719,0.999328613281,92
random,26,4,64,0.004852294922,0.000671386719,0.999328613281,92
random,26,6,64,0.336196899414,0.055999755859,0.944000244141,206
random,26,6,128,0.107650756836,0.055999755859,0.944000244141,206
random,26,6,256,0.055999755859,0.055999755859,0.944000244141,206
random,26,8,256,0.259918212891,0.091476440430,0.908523559570,412
random,26,8,512,0.091476440430,0.091476440430,0.908523559570,412
random,26,8,1024,0.091476440430,0.091476440430,0.908523559570,412
random,27,4,16,0.328628540039,0.005310058594,0.994689941406,89
random,27,4,32,0.105041503906,0.005310058594,0.994689941406,89
random,27,4,64,0.013946533203,0.005310058594,0.994689941406,89
random,27,6,64,0.335937500000,0.085159301758,0.914840698242,225
random,27,6,128,0.169021606445,0.085159301758,0.914840698242,225
random,27,6,256,0.085159301758,0.085159301758,0.914840698242,225
random,27,8,256,0.622360229492,0.622360229492,0.377639770508,212
random,27,8,512,0.622360229492,0.622360229492,0.377639770508,212
random,27,8,1024,0.622360229492,0.622360229492,0.377639770508,212
random,28,4,16,0.311859130859,0.000427246094,0.999572753906,83
random,28,4,32,0.101135253906,0.000427246094,0.999572753906,83
random,28,4,64,0.007934570312,0.000427246094,0.999572753906,83
random,28,6,64,0.361724853516,0.004104614258,0.995895385742,223
random,28,6,128,0.132354736328,0.004104614258,0.995895385742,223
random,28,6,256,0.004104614258,0.004104614258,0.995895385742,223
random,28,8,256,0.092559814453,0.091445922852,0.908554077148,278
random,28,8,512,0.091445922852,0.091445922852,0.908554077148,278
random,28,8,1024,0.091445922852,0.091445922852,0.908554077148,278
random,29,4,16,0.357421875000,0.000030517578,0.999969482422,91
random,29,4,32,0.138900756836,0.000030517578,0.999969482422,91
random,29,4,64,0.019592285156,0.000030517578,0.999969482422,91
random,29,6,64,0.441497802734,0.069259643555,0.930740356445,245
random,29,6,128,0.144271850586,0.069259643555,0.930740356445,245
random,29,6,256,0.069259643555,0.069259643555,0.930740356445,245
random,29,8,256,0.636230468750,0.632049560547,0.367950439453,298
random,29,8,512,0.632049560547,0.632049560547,0.367950439453,298
random,29,8,1024,0.632049560547,0.632049560547,0.367950439453,298
