trial,method,state_bits,target_state,configured_chains,chain_parameter,dp_difficulty_bits,stored_chains,distinct_endpoints,offline_ns,online_ns,exact_recovery,recovered_state,endpoint_matches_or_candidates,candidate_chains_checked,truncated_chains,projection_steps
0,exhaustive,16,57417,0,0,0,0,0,0,184821542,true,57417,0,0,0,0
0,hellman,16,57417,1024,64,0,1024,684,96901542,7823917,false,-1,33,60,0,0
0,distinguished_points,16,57417,1024,256,6,1015,139,70914208,12782542,false,-1,93,93,9,136
1,exhaustive,16,59109,0,0,0,0,0,0,64764292,true,59109,0,0,0,0
1,hellman,16,59109,1024,64,0,1024,736,69593458,3386250,false,-1,10,17,0,0
1,distinguished_points,16,59109,1024,256,6,1022,140,57930292,3368959,false,-1,37,37,2,87
2,exhaustive,16,21223,0,0,0,0,0,0,23818625,true,21223,0,0,0,0
2,hellman,16,21223,1024,64,0,1024,697,70557500,3412708,true,21223,15,21,0,0
2,distinguished_points,16,21223,1024,256,6,1023,141,58574125,2678292,false,-1,43,43,1,55
3,exhaustive,16,18211,0,0,0,0,0,0,20905250,true,18211,0,0,0,0
3,hellman,16,18211,1024,64,0,1024,693,70204125,2087083,false,-1,0,0,0,0
3,distinguished_points,16,18211,1024,256,6,1017,134,61214708,65500,false,-1,1,1,7,9
4,exhaustive,16,56041,0,0,0,0,0,0,59323041,true,56041,0,0,0,0
4,hellman,16,56041,1024,64,0,1024,696,69772209,2457083,false,-1,5,5,0,0
4,distinguished_points,16,56041,1024,256,6,1023,146,58010541,3980500,false,-1,33,33,1,65
5,exhaustive,16,22121,0,0,0,0,0,0,23112125,true,22121,0,0,0,0
5,hellman,16,22121,1024,64,0,1024,695,72968042,3119834,false,-1,11,12,0,0
5,distinguished_points,16,22121,1024,256,6,1021,140,60766833,230084,false,-1,6,6,3,1
6,exhaustive,16,7731,0,0,0,0,0,0,7983916,true,7731,0,0,0,0
6,hellman,16,7731,1024,64,0,1024,689,72435834,2604417,false,-1,4,6,0,0
6,distinguished_points,16,7731,1024,256,6,1023,151,60200166,13111500,false,-1,109,109,1,195
7,exhaustive,16,55558,0,0,0,0,0,0,57819500,true,55558,0,0,0,0
7,hellman,16,55558,1024,64,0,1024,678,74700541,2478375,false,-1,5,5,0,0
7,distinguished_points,16,55558,1024,256,6,1021,147,61729167,3580583,false,-1,58,58,3,92
8,exhaustive,16,58733,0,0,0,0,0,0,60272917,true,58733,0,0,0,0
8,hellman,16,58733,1024,64,0,1024,691,71197625,5121625,false,-1,22,42,0,0
8,distinguished_points,16,58733,1024,256,6,1021,153,58387959,11717666,false,-1,94,94,3,152
9,exhaustive,16,12073,0,0,0,0,0,0,12534125,true,12073,0,0,0,0
9,hellman,16,12073,1024,64,0,1024,710,72595917,4829208,false,-1,27,40,0,0
9,distinguished_points,16,12073,1024,256,6,1018,141,63214875,911958,false,-1,27,27,6,22
10,exhaustive,16,5407,0,0,0,0,0,0,5434334,true,5407,0,0,0,0
10,hellman,16,5407,1024,64,0,1024,676,69847250,2286500,false,-1,2,3,0,0
10,distinguished_points,16,5407,1024,256,6,1020,144,59669583,1182542,false,-1,19,19,4,94
11,exhaustive,16,14353,0,0,0,0,0,0,14496000,true,14353,0,0,0,0
11,hellman,16,14353,1024,64,0,1024,698,69761542,3840042,false,-1,18,26,0,0
11,distinguished_points,16,14353,1024,256,6,1021,132,58582083,3753000,false,-1,41,41,3,98
12,exhaustive,16,27985,0,0,0,0,0,0,28399542,true,27985,0,0,0,0
12,hellman,16,27985,1024,64,0,1024,672,70424708,5742250,false,-1,30,53,0,0
12,distinguished_points,16,27985,1024,256,6,1021,159,60902625,213666,false,-1,8,8,3,22
13,exhaustive,16,33658,0,0,0,0,0,0,33883417,true,33658,0,0,0,0
13,hellman,16,33658,1024,64,0,1024,694,69576666,2404375,false,-1,3,4,0,0
13,distinguished_points,16,33658,1024,256,6,1021,148,60012000,1988500,false,-1,27,27,3,145
14,exhaustive,16,1963,0,0,0,0,0,0,1967375,true,1963,0,0,0,0
14,hellman,16,1963,1024,64,0,1024,690,70239333,5717042,false,-1,27,54,0,0
14,distinguished_points,16,1963,1024,256,6,1019,153,59277125,1592167,false,-1,26,26,5,38
15,exhaustive,16,55563,0,0,0,0,0,0,58787250,true,55563,0,0,0,0
15,hellman,16,55563,1024,64,0,1024,692,69682583,4063291,true,55563,23,37,0,0
15,distinguished_points,16,55563,1024,256,6,1024,151,56028209,91125,false,-1,5,5,0,7
16,exhaustive,16,15759,0,0,0,0,0,0,16055167,true,15759,0,0,0,0
16,hellman,16,15759,1024,64,0,1024,692,70525875,2489583,false,-1,6,6,0,0
16,distinguished_points,16,15759,1024,256,6,1020,149,59040625,879666,true,15759,21,14,4,66
17,exhaustive,16,5625,0,0,0,0,0,0,5636792,true,5625,0,0,0,0
17,hellman,16,5625,1024,64,0,1024,680,70019375,8712167,false,-1,37,99,0,0
17,distinguished_points,16,5625,1024,256,6,1020,144,61208667,7406167,false,-1,111,111,4,46
18,exhaustive,16,25805,0,0,0,0,0,0,26113875,true,25805,0,0,0,0
18,hellman,16,25805,1024,64,0,1024,674,69359833,8584292,false,-1,40,97,0,0
18,distinguished_points,16,25805,1024,256,6,1022,149,59975542,6249709,false,-1,94,94,2,40
19,exhaustive,16,49316,0,0,0,0,0,0,49648292,true,49316,0,0,0,0
19,hellman,16,49316,1024,64,0,1024,694,70274625,6720958,false,-1,38,69,0,0
19,distinguished_points,16,49316,1024,256,6,1021,165,57715291,78875,true,49316,3,3,3,5
20,exhaustive,16,52222,0,0,0,0,0,0,55159583,true,52222,0,0,0,0
20,hellman,16,52222,1024,64,0,1024,680,70512417,2333166,false,-1,3,3,0,0
20,distinguished_points,16,52222,1024,256,6,1021,145,56738875,1082041,false,-1,25,25,3,78
21,exhaustive,16,676,0,0,0,0,0,0,686708,true,676,0,0,0,0
21,hellman,16,676,1024,64,0,1024,693,70396000,3006333,true,676,23,27,0,0
21,distinguished_points,16,676,1024,256,6,1018,153,58912667,299875,true,676,25,5,6,65
22,exhaustive,16,17818,0,0,0,0,0,0,18010334,true,17818,0,0,0,0
22,hellman,16,17818,1024,64,0,1024,686,70171125,5456458,false,-1,29,50,0,0
22,distinguished_points,16,17818,1024,256,6,1022,143,61823750,2448750,false,-1,43,43,2,30
23,exhaustive,16,20117,0,0,0,0,0,0,20336125,true,20117,0,0,0,0
23,hellman,16,20117,1024,64,0,1024,688,69942500,5983416,false,-1,26,45,0,0
23,distinguished_points,16,20117,1024,256,6,1022,139,57402666,2393417,false,-1,35,35,2,56
24,exhaustive,16,25443,0,0,0,0,0,0,25612917,true,25443,0,0,0,0
24,hellman,16,25443,1024,64,0,1024,695,69532334,2823750,false,-1,9,11,0,0
24,distinguished_points,16,25443,1024,256,6,1022,146,58196166,196750,false,-1,6,6,2,34
25,exhaustive,16,54129,0,0,0,0,0,0,55187167,true,54129,0,0,0,0
25,hellman,16,54129,1024,64,0,1024,688,72862500,2441625,false,-1,3,5,0,0
25,distinguished_points,16,54129,1024,256,6,1021,134,58829042,153542,false,-1,8,8,3,16
26,exhaustive,16,54975,0,0,0,0,0,0,55513125,true,54975,0,0,0,0
26,hellman,16,54975,1024,64,0,1024,685,69910667,2281625,false,-1,3,3,0,0
26,distinguished_points,16,54975,1024,256,6,1020,141,59575792,1246667,false,-1,27,27,4,72
27,exhaustive,16,21388,0,0,0,0,0,0,21734542,true,21388,0,0,0,0
27,hellman,16,21388,1024,64,0,1024,693,69613375,4222541,false,-1,21,32,0,0
27,distinguished_points,16,21388,1024,256,6,1019,132,63407708,3361375,false,-1,56,56,5,46
28,exhaustive,16,64006,0,0,0,0,0,0,65193875,true,64006,0,0,0,0
28,hellman,16,64006,1024,64,0,1024,680,70556667,2511500,true,64006,11,12,0,0
28,distinguished_points,16,64006,1024,256,6,1021,136,58197708,2146083,false,-1,28,28,3,29
29,exhaustive,16,39512,0,0,0,0,0,0,40033958,true,39512,0,0,0,0
29,hellman,16,39512,1024,64,0,1024,684,70089750,3767167,false,-1,19,24,0,0
29,distinguished_points,16,39512,1024,256,6,1020,158,59345042,70917,false,-1,2,2,4,11
